SSL/TLS handshake completed
IPv4: listen 127.0.0.1:63924
[id=1] [  0.023] closed
[ALPN] client offers:
 * http/1.1
 * h2
The negotiated protocol: h2
[id=2] [  0.541] send SETTINGS frame <length=12, flags=0x00, stream_id=0>
          (niv=2)
          [SETTINGS_MAX_CONCURRENT_STREAMS(0x03):8]
          [SETTINGS_NO_RFC7540_PRIORITIES(0x09):1]
[id=2] [  0.549] recv SETTINGS frame <length=12, flags=0x00, stream_id=0>
          (niv=2)
          [SETTINGS_MAX_CONCURRENT_STREAMS(0x03):100]
          [SETTINGS_INITIAL_WINDOW_SIZE(0x04):16384]
[id=2] [  0.549] send SETTINGS frame <length=0, flags=0x01, stream_id=0>
          ; ACK
          (niv=0)
[id=2] [  0.549] recv SETTINGS frame <length=0, flags=0x01, stream_id=0>
          ; ACK
          (niv=0)
[id=2] [  0.551] recv (stream_id=1) :authority: localhost:63924
[id=2] [  0.551] recv (stream_id=1) :method: GET
[id=2] [  0.551] recv (stream_id=1) :path: /bytes
[id=2] [  0.551] recv (stream_id=1) :scheme: https
[id=2] [  0.551] recv (stream_id=1, sensitive) content-length: 0
[id=2] [  0.551] recv HEADERS frame <length=26, flags=0x05, stream_id=1>
          ; END_STREAM | END_HEADERS
          (padlen=0)
          ; Open new stream
[id=2] [  0.551] send HEADERS frame <length=98, flags=0x04, stream_id=1>
          ; END_HEADERS
          (padlen=0)
          ; First response header
          :status: 200
          server: nghttpd nghttp2/1.70.0
          cache-control: max-age=3600
          date: Wed, 30 Sep 2026 14:23:53 GMT
          content-length: 256
          last-modified: Wed, 30 Sep 2026 14:23:53 GMT
          trailer: x-final
[id=2] [  0.551] send DATA frame <length=256, flags=0x00, stream_id=1>
[id=2] [  0.551] send HEADERS frame <length=12, flags=0x05, stream_id=1>
          ; END_STREAM | END_HEADERS
          (padlen=0)
          x-final: yes
[id=2] [  0.551] stream_id=1 closed
[id=2] [  0.560] recv WINDOW_UPDATE frame <length=4, flags=0x00, stream_id=0>
          (window_size_increment=65791)
[id=2] [  0.564] recv (stream_id=3) :authority: localhost:63924
[id=2] [  0.564] recv (stream_id=3) :method: PUT
[id=2] [  0.564] recv (stream_id=3) :path: /bytes
[id=2] [  0.564] recv (stream_id=3) :scheme: https
[id=2] [  0.564] recv (stream_id=3, sensitive) content-length: 256
[id=2] [  0.564] recv HEADERS frame <length=14, flags=0x04, stream_id=3>
          ; END_HEADERS
          (padlen=0)
          ; Open new stream
[id=2] [  0.564] recv DATA frame <length=256, flags=0x01, stream_id=3>
          ; END_STREAM
[id=2] [  0.564] send HEADERS frame <length=28, flags=0x04, stream_id=3>
          ; END_HEADERS
          (padlen=0)
          ; First response header
          :status: 200
          server: nghttpd nghttp2/1.70.0
          date: Wed, 30 Sep 2026 14:23:53 GMT
          trailer: x-final
          nghttpd-response: echo
          content-length: 256
[id=2] [  0.564] send DATA frame <length=256, flags=0x00, stream_id=3>
[id=2] [  0.564] send HEADERS frame <length=1, flags=0x05, stream_id=3>
          ; END_STREAM | END_HEADERS
          (padlen=0)
          x-final: yes
[id=2] [  0.564] stream_id=3 closed
[id=2] [  0.565] recv (stream_id=5) :authority: localhost:63924
[id=2] [  0.565] recv (stream_id=5) :method: GET
[id=2] [  0.565] recv (stream_id=5) :path: /missing
[id=2] [  0.565] recv (stream_id=5) :scheme: https
[id=2] [  0.565] recv (stream_id=5, sensitive) content-length: 0
[id=2] [  0.565] recv HEADERS frame <length=15, flags=0x05, stream_id=5>
          ; END_STREAM | END_HEADERS
          (padlen=0)
          ; Open new stream
[id=2] [  0.565] send HEADERS frame <length=30, flags=0x04, stream_id=5>
          ; END_HEADERS
          (padlen=0)
          ; First response header
          :status: 404
          server: nghttpd nghttp2/1.70.0
          date: Wed, 30 Sep 2026 14:23:53 GMT
          trailer: x-final
          content-type: text/html; charset=UTF-8
          content-length: 148
[id=2] [  0.565] send DATA frame <length=148, flags=0x00, stream_id=5>
[id=2] [  0.565] send HEADERS frame <length=1, flags=0x05, stream_id=5>
          ; END_STREAM | END_HEADERS
          (padlen=0)
          x-final: yes
[id=2] [  0.565] stream_id=5 closed
[id=2] [  0.565] recv (stream_id=7) :authority: localhost:63924
[id=2] [  0.565] recv (stream_id=7) :method: HEAD
[id=2] [  0.565] recv (stream_id=7) :path: /bytes
[id=2] [  0.565] recv (stream_id=7) :scheme: https
[id=2] [  0.565] recv (stream_id=7, sensitive) content-length: 0
[id=2] [  0.565] recv HEADERS frame <length=13, flags=0x05, stream_id=7>
          ; END_STREAM | END_HEADERS
          (padlen=0)
          ; Open new stream
[id=2] [  0.565] send HEADERS frame <length=12, flags=0x05, stream_id=7>
          ; END_STREAM | END_HEADERS
          (padlen=0)
          ; First response header
          :status: 200
          server: nghttpd nghttp2/1.70.0
          cache-control: max-age=3600
          date: Wed, 30 Sep 2026 14:23:53 GMT
          content-length: 256
          last-modified: Wed, 30 Sep 2026 14:23:53 GMT
          trailer: x-final
[id=2] [  0.565] stream_id=7 closed
[id=2] [  0.565] recv (stream_id=9) :authority: localhost:63924
[id=2] [  0.565] recv (stream_id=9) :method: GET
[id=2] [  0.565] recv (stream_id=9) :path: /bytes
[id=2] [  0.565] recv (stream_id=9) :scheme: https
[id=2] [  0.565] recv (stream_id=9, sensitive) content-length: 0
[id=2] [  0.565] recv HEADERS frame <length=8, flags=0x05, stream_id=9>
          ; END_STREAM | END_HEADERS
          (padlen=0)
          ; Open new stream
[id=2] [  0.565] send HEADERS frame <length=12, flags=0x04, stream_id=9>
          ; END_HEADERS
          (padlen=0)
          ; First response header
          :status: 200
          server: nghttpd nghttp2/1.70.0
          cache-control: max-age=3600
          date: Wed, 30 Sep 2026 14:23:53 GMT
          content-length: 256
          last-modified: Wed, 30 Sep 2026 14:23:53 GMT
          trailer: x-final
[id=2] [  0.565] send DATA frame <length=256, flags=0x00, stream_id=9>
[id=2] [  0.565] send HEADERS frame <length=1, flags=0x05, stream_id=9>
          ; END_STREAM | END_HEADERS
          (padlen=0)
          x-final: yes
[id=2] [  0.565] stream_id=9 closed
[id=2] [  0.566] recv (stream_id=11) :authority: localhost:63924
[id=2] [  0.566] recv (stream_id=11) :method: GET
[id=2] [  0.566] recv (stream_id=11) :path: /bytes
[id=2] [  0.566] recv (stream_id=11) :scheme: https
[id=2] [  0.566] recv (stream_id=11, sensitive) content-length: 0
[id=2] [  0.566] recv HEADERS frame <length=8, flags=0x05, stream_id=11>
          ; END_STREAM | END_HEADERS
          (padlen=0)
          ; Open new stream
[id=2] [  0.566] send HEADERS frame <length=12, flags=0x04, stream_id=11>
          ; END_HEADERS
          (padlen=0)
          ; First response header
          :status: 200
          server: nghttpd nghttp2/1.70.0
          cache-control: max-age=3600
          date: Wed, 30 Sep 2026 14:23:53 GMT
          content-length: 256
          last-modified: Wed, 30 Sep 2026 14:23:53 GMT
          trailer: x-final
[id=2] [  0.566] send DATA frame <length=256, flags=0x00, stream_id=11>
[id=2] [  0.566] send HEADERS frame <length=1, flags=0x05, stream_id=11>
          ; END_STREAM | END_HEADERS
          (padlen=0)
          x-final: yes
[id=2] [  0.566] stream_id=11 closed
[id=2] [  0.566] recv (stream_id=13) :authority: localhost:63924
[id=2] [  0.567] recv (stream_id=13) :method: GET
[id=2] [  0.567] recv (stream_id=13) :path: /bytes
[id=2] [  0.567] recv (stream_id=13) :scheme: https
[id=2] [  0.567] recv (stream_id=13, sensitive) content-length: 0
[id=2] [  0.567] recv HEADERS frame <length=8, flags=0x05, stream_id=13>
          ; END_STREAM | END_HEADERS
          (padlen=0)
          ; Open new stream
[id=2] [  0.567] send HEADERS frame <length=12, flags=0x04, stream_id=13>
          ; END_HEADERS
          (padlen=0)
          ; First response header
          :status: 200
          server: nghttpd nghttp2/1.70.0
          cache-control: max-age=3600
          date: Wed, 30 Sep 2026 14:23:53 GMT
          content-length: 256
          last-modified: Wed, 30 Sep 2026 14:23:53 GMT
          trailer: x-final
[id=2] [  0.567] send DATA frame <length=256, flags=0x00, stream_id=13>
[id=2] [  0.567] send HEADERS frame <length=1, flags=0x05, stream_id=13>
          ; END_STREAM | END_HEADERS
          (padlen=0)
          x-final: yes
[id=2] [  0.567] stream_id=13 closed
[id=2] [  0.567] recv (stream_id=15) :authority: localhost:63924
[id=2] [  0.567] recv (stream_id=15) :method: GET
[id=2] [  0.567] recv (stream_id=15) :path: /bytes
[id=2] [  0.567] recv (stream_id=15) :scheme: https
[id=2] [  0.567] recv (stream_id=15, sensitive) content-length: 0
[id=2] [  0.567] recv HEADERS frame <length=8, flags=0x05, stream_id=15>
          ; END_STREAM | END_HEADERS
          (padlen=0)
          ; Open new stream
[id=2] [  0.567] send HEADERS frame <length=12, flags=0x04, stream_id=15>
          ; END_HEADERS
          (padlen=0)
          ; First response header
          :status: 200
          server: nghttpd nghttp2/1.70.0
          cache-control: max-age=3600
          date: Wed, 30 Sep 2026 14:23:53 GMT
          content-length: 256
          last-modified: Wed, 30 Sep 2026 14:23:53 GMT
          trailer: x-final
[id=2] [  0.567] send DATA frame <length=256, flags=0x00, stream_id=15>
[id=2] [  0.567] send HEADERS frame <length=1, flags=0x05, stream_id=15>
          ; END_STREAM | END_HEADERS
          (padlen=0)
          x-final: yes
[id=2] [  0.567] stream_id=15 closed
[id=2] [  0.567] recv (stream_id=17) :authority: localhost:63924
[id=2] [  0.567] recv (stream_id=17) :method: GET
[id=2] [  0.567] recv (stream_id=17) :path: /bytes
[id=2] [  0.567] recv (stream_id=17) :scheme: https
[id=2] [  0.567] recv (stream_id=17, sensitive) content-length: 0
[id=2] [  0.567] recv HEADERS frame <length=8, flags=0x05, stream_id=17>
          ; END_STREAM | END_HEADERS
          (padlen=0)
          ; Open new stream
[id=2] [  0.567] send HEADERS frame <length=12, flags=0x04, stream_id=17>
          ; END_HEADERS
          (padlen=0)
          ; First response header
          :status: 200
          server: nghttpd nghttp2/1.70.0
          cache-control: max-age=3600
          date: Wed, 30 Sep 2026 14:23:53 GMT
          content-length: 256
          last-modified: Wed, 30 Sep 2026 14:23:53 GMT
          trailer: x-final
[id=2] [  0.567] send DATA frame <length=256, flags=0x00, stream_id=17>
[id=2] [  0.567] send HEADERS frame <length=1, flags=0x05, stream_id=17>
          ; END_STREAM | END_HEADERS
          (padlen=0)
          x-final: yes
[id=2] [  0.567] stream_id=17 closed
[id=2] [  0.567] recv (stream_id=19) :authority: localhost:63924
[id=2] [  0.567] recv (stream_id=19) :method: GET
[id=2] [  0.567] recv (stream_id=19) :path: /bytes
[id=2] [  0.567] recv (stream_id=19) :scheme: https
[id=2] [  0.567] recv (stream_id=19, sensitive) content-length: 0
[id=2] [  0.567] recv HEADERS frame <length=8, flags=0x05, stream_id=19>
          ; END_STREAM | END_HEADERS
          (padlen=0)
          ; Open new stream
[id=2] [  0.567] send HEADERS frame <length=12, flags=0x04, stream_id=19>
          ; END_HEADERS
          (padlen=0)
          ; First response header
          :status: 200
          server: nghttpd nghttp2/1.70.0
          cache-control: max-age=3600
          date: Wed, 30 Sep 2026 14:23:53 GMT
          content-length: 256
          last-modified: Wed, 30 Sep 2026 14:23:53 GMT
          trailer: x-final
[id=2] [  0.567] send DATA frame <length=256, flags=0x00, stream_id=19>
[id=2] [  0.567] send HEADERS frame <length=1, flags=0x05, stream_id=19>
          ; END_STREAM | END_HEADERS
          (padlen=0)
          x-final: yes
[id=2] [  0.567] stream_id=19 closed
[id=2] [  0.567] recv (stream_id=21) :authority: localhost:63924
[id=2] [  0.567] recv (stream_id=21) :method: GET
[id=2] [  0.567] recv (stream_id=21) :path: /bytes
[id=2] [  0.567] recv (stream_id=21) :scheme: https
[id=2] [  0.567] recv (stream_id=21, sensitive) content-length: 0
[id=2] [  0.567] recv HEADERS frame <length=8, flags=0x05, stream_id=21>
          ; END_STREAM | END_HEADERS
          (padlen=0)
          ; Open new stream
[id=2] [  0.567] send HEADERS frame <length=12, flags=0x04, stream_id=21>
          ; END_HEADERS
          (padlen=0)
          ; First response header
          :status: 200
          server: nghttpd nghttp2/1.70.0
          cache-control: max-age=3600
          date: Wed, 30 Sep 2026 14:23:53 GMT
          content-length: 256
          last-modified: Wed, 30 Sep 2026 14:23:53 GMT
          trailer: x-final
[id=2] [  0.567] send DATA frame <length=256, flags=0x00, stream_id=21>
[id=2] [  0.567] send HEADERS frame <length=1, flags=0x05, stream_id=21>
          ; END_STREAM | END_HEADERS
          (padlen=0)
          x-final: yes
[id=2] [  0.567] stream_id=21 closed
[id=2] [  0.567] recv (stream_id=23) :authority: localhost:63924
[id=2] [  0.567] recv (stream_id=23) :method: GET
[id=2] [  0.567] recv (stream_id=23) :path: /bytes
[id=2] [  0.567] recv (stream_id=23) :scheme: https
[id=2] [  0.567] recv (stream_id=23, sensitive) content-length: 0
[id=2] [  0.567] recv HEADERS frame <length=8, flags=0x05, stream_id=23>
          ; END_STREAM | END_HEADERS
          (padlen=0)
          ; Open new stream
[id=2] [  0.567] send HEADERS frame <length=12, flags=0x04, stream_id=23>
          ; END_HEADERS
          (padlen=0)
          ; First response header
          :status: 200
          server: nghttpd nghttp2/1.70.0
          cache-control: max-age=3600
          date: Wed, 30 Sep 2026 14:23:53 GMT
          content-length: 256
          last-modified: Wed, 30 Sep 2026 14:23:53 GMT
          trailer: x-final
[id=2] [  0.567] send DATA frame <length=256, flags=0x00, stream_id=23>
[id=2] [  0.567] send HEADERS frame <length=1, flags=0x05, stream_id=23>
          ; END_STREAM | END_HEADERS
          (padlen=0)
          x-final: yes
[id=2] [  0.567] stream_id=23 closed
[id=2] [  0.567] recv (stream_id=25) :authority: localhost:63924
[id=2] [  0.567] recv (stream_id=25) :method: GET
[id=2] [  0.567] recv (stream_id=25) :path: /bytes
[id=2] [  0.567] recv (stream_id=25) :scheme: https
[id=2] [  0.567] recv (stream_id=25, sensitive) content-length: 0
[id=2] [  0.567] recv HEADERS frame <length=8, flags=0x05, stream_id=25>
          ; END_STREAM | END_HEADERS
          (padlen=0)
          ; Open new stream
[id=2] [  0.567] send HEADERS frame <length=12, flags=0x04, stream_id=25>
          ; END_HEADERS
          (padlen=0)
          ; First response header
          :status: 200
          server: nghttpd nghttp2/1.70.0
          cache-control: max-age=3600
          date: Wed, 30 Sep 2026 14:23:53 GMT
          content-length: 256
          last-modified: Wed, 30 Sep 2026 14:23:53 GMT
          trailer: x-final
[id=2] [  0.567] send DATA frame <length=256, flags=0x00, stream_id=25>
[id=2] [  0.567] send HEADERS frame <length=1, flags=0x05, stream_id=25>
          ; END_STREAM | END_HEADERS
          (padlen=0)
          x-final: yes
[id=2] [  0.567] stream_id=25 closed
[id=2] [  0.567] recv (stream_id=27) :authority: localhost:63924
[id=2] [  0.567] recv (stream_id=27) :method: GET
[id=2] [  0.567] recv (stream_id=27) :path: /bytes
[id=2] [  0.567] recv (stream_id=27) :scheme: https
[id=2] [  0.567] recv (stream_id=27, sensitive) content-length: 0
[id=2] [  0.567] recv HEADERS frame <length=8, flags=0x05, stream_id=27>
          ; END_STREAM | END_HEADERS
          (padlen=0)
          ; Open new stream
[id=2] [  0.567] send HEADERS frame <length=12, flags=0x04, stream_id=27>
          ; END_HEADERS
          (padlen=0)
          ; First response header
          :status: 200
          server: nghttpd nghttp2/1.70.0
          cache-control: max-age=3600
          date: Wed, 30 Sep 2026 14:23:53 GMT
          content-length: 256
          last-modified: Wed, 30 Sep 2026 14:23:53 GMT
          trailer: x-final
[id=2] [  0.567] send DATA frame <length=256, flags=0x00, stream_id=27>
[id=2] [  0.567] send HEADERS frame <length=1, flags=0x05, stream_id=27>
          ; END_STREAM | END_HEADERS
          (padlen=0)
          x-final: yes
[id=2] [  0.567] stream_id=27 closed
[id=2] [  0.567] recv (stream_id=29) :authority: localhost:63924
[id=2] [  0.567] recv (stream_id=29) :method: GET
[id=2] [  0.567] recv (stream_id=29) :path: /bytes
[id=2] [  0.567] recv (stream_id=29) :scheme: https
[id=2] [  0.567] recv (stream_id=29, sensitive) content-length: 0
[id=2] [  0.567] recv HEADERS frame <length=8, flags=0x05, stream_id=29>
          ; END_STREAM | END_HEADERS
          (padlen=0)
          ; Open new stream
[id=2] [  0.567] send HEADERS frame <length=12, flags=0x04, stream_id=29>
          ; END_HEADERS
          (padlen=0)
          ; First response header
          :status: 200
          server: nghttpd nghttp2/1.70.0
          cache-control: max-age=3600
          date: Wed, 30 Sep 2026 14:23:53 GMT
          content-length: 256
          last-modified: Wed, 30 Sep 2026 14:23:53 GMT
          trailer: x-final
[id=2] [  0.567] send DATA frame <length=256, flags=0x00, stream_id=29>
[id=2] [  0.567] send HEADERS frame <length=1, flags=0x05, stream_id=29>
          ; END_STREAM | END_HEADERS
          (padlen=0)
          x-final: yes
[id=2] [  0.567] stream_id=29 closed
[id=2] [  0.568] recv (stream_id=31) :authority: localhost:63924
[id=2] [  0.568] recv (stream_id=31) :method: GET
[id=2] [  0.568] recv (stream_id=31) :path: /bytes
[id=2] [  0.568] recv (stream_id=31) :scheme: https
[id=2] [  0.568] recv (stream_id=31, sensitive) content-length: 0
[id=2] [  0.568] recv HEADERS frame <length=8, flags=0x05, stream_id=31>
          ; END_STREAM | END_HEADERS
          (padlen=0)
          ; Open new stream
[id=2] [  0.568] send HEADERS frame <length=12, flags=0x04, stream_id=31>
          ; END_HEADERS
          (padlen=0)
          ; First response header
          :status: 200
          server: nghttpd nghttp2/1.70.0
          cache-control: max-age=3600
          date: Wed, 30 Sep 2026 14:23:53 GMT
          content-length: 256
          last-modified: Wed, 30 Sep 2026 14:23:53 GMT
          trailer: x-final
[id=2] [  0.568] send DATA frame <length=256, flags=0x00, stream_id=31>
[id=2] [  0.568] send HEADERS frame <length=1, flags=0x05, stream_id=31>
          ; END_STREAM | END_HEADERS
          (padlen=0)
          x-final: yes
[id=2] [  0.568] stream_id=31 closed
[id=2] [  0.568] recv (stream_id=33) :authority: localhost:63924
[id=2] [  0.568] recv (stream_id=33) :method: GET
[id=2] [  0.568] recv (stream_id=33) :path: /bytes
[id=2] [  0.568] recv (stream_id=33) :scheme: https
[id=2] [  0.568] recv (stream_id=33, sensitive) content-length: 0
[id=2] [  0.568] recv HEADERS frame <length=8, flags=0x05, stream_id=33>
          ; END_STREAM | END_HEADERS
          (padlen=0)
          ; Open new stream
[id=2] [  0.568] send HEADERS frame <length=12, flags=0x04, stream_id=33>
          ; END_HEADERS
          (padlen=0)
          ; First response header
          :status: 200
          server: nghttpd nghttp2/1.70.0
          cache-control: max-age=3600
          date: Wed, 30 Sep 2026 14:23:53 GMT
          content-length: 256
          last-modified: Wed, 30 Sep 2026 14:23:53 GMT
          trailer: x-final
[id=2] [  0.568] send DATA frame <length=256, flags=0x00, stream_id=33>
[id=2] [  0.568] send HEADERS frame <length=1, flags=0x05, stream_id=33>
          ; END_STREAM | END_HEADERS
          (padlen=0)
          x-final: yes
[id=2] [  0.568] stream_id=33 closed
[id=2] [  0.568] recv (stream_id=35) :authority: localhost:63924
[id=2] [  0.568] recv (stream_id=35) :method: GET
[id=2] [  0.568] recv (stream_id=35) :path: /bytes
[id=2] [  0.568] recv (stream_id=35) :scheme: https
[id=2] [  0.568] recv (stream_id=35, sensitive) content-length: 0
[id=2] [  0.568] recv HEADERS frame <length=8, flags=0x05, stream_id=35>
          ; END_STREAM | END_HEADERS
          (padlen=0)
          ; Open new stream
[id=2] [  0.568] send HEADERS frame <length=12, flags=0x04, stream_id=35>
          ; END_HEADERS
          (padlen=0)
          ; First response header
          :status: 200
          server: nghttpd nghttp2/1.70.0
          cache-control: max-age=3600
          date: Wed, 30 Sep 2026 14:23:53 GMT
          content-length: 256
          last-modified: Wed, 30 Sep 2026 14:23:53 GMT
          trailer: x-final
[id=2] [  0.568] send DATA frame <length=256, flags=0x00, stream_id=35>
[id=2] [  0.568] send HEADERS frame <length=1, flags=0x05, stream_id=35>
          ; END_STREAM | END_HEADERS
          (padlen=0)
          x-final: yes
[id=2] [  0.568] stream_id=35 closed
[id=2] [  0.568] recv (stream_id=37) :authority: localhost:63924
[id=2] [  0.568] recv (stream_id=37) :method: GET
[id=2] [  0.568] recv (stream_id=37) :path: /bytes
[id=2] [  0.568] recv (stream_id=37) :scheme: https
[id=2] [  0.568] recv (stream_id=37, sensitive) content-length: 0
[id=2] [  0.568] recv HEADERS frame <length=8, flags=0x05, stream_id=37>
          ; END_STREAM | END_HEADERS
          (padlen=0)
          ; Open new stream
[id=2] [  0.568] send HEADERS frame <length=12, flags=0x04, stream_id=37>
          ; END_HEADERS
          (padlen=0)
          ; First response header
          :status: 200
          server: nghttpd nghttp2/1.70.0
          cache-control: max-age=3600
          date: Wed, 30 Sep 2026 14:23:53 GMT
          content-length: 256
          last-modified: Wed, 30 Sep 2026 14:23:53 GMT
          trailer: x-final
[id=2] [  0.568] send DATA frame <length=256, flags=0x00, stream_id=37>
[id=2] [  0.568] send HEADERS frame <length=1, flags=0x05, stream_id=37>
          ; END_STREAM | END_HEADERS
          (padlen=0)
          x-final: yes
[id=2] [  0.568] stream_id=37 closed
[id=2] [  0.568] recv (stream_id=39) :authority: localhost:63924
[id=2] [  0.568] recv (stream_id=39) :method: GET
[id=2] [  0.568] recv (stream_id=39) :path: /bytes
[id=2] [  0.568] recv (stream_id=39) :scheme: https
[id=2] [  0.568] recv (stream_id=39, sensitive) content-length: 0
[id=2] [  0.568] recv HEADERS frame <length=8, flags=0x05, stream_id=39>
          ; END_STREAM | END_HEADERS
          (padlen=0)
          ; Open new stream
[id=2] [  0.568] send HEADERS frame <length=12, flags=0x04, stream_id=39>
          ; END_HEADERS
          (padlen=0)
          ; First response header
          :status: 200
          server: nghttpd nghttp2/1.70.0
          cache-control: max-age=3600
          date: Wed, 30 Sep 2026 14:23:53 GMT
          content-length: 256
          last-modified: Wed, 30 Sep 2026 14:23:53 GMT
          trailer: x-final
[id=2] [  0.568] send DATA frame <length=256, flags=0x00, stream_id=39>
[id=2] [  0.568] send HEADERS frame <length=1, flags=0x05, stream_id=39>
          ; END_STREAM | END_HEADERS
          (padlen=0)
          x-final: yes
[id=2] [  0.568] stream_id=39 closed
[id=2] [  0.568] recv (stream_id=41) :authority: localhost:63924
[id=2] [  0.568] recv (stream_id=41) :method: GET
[id=2] [  0.568] recv (stream_id=41) :path: /bytes
[id=2] [  0.569] recv (stream_id=41) :scheme: https
[id=2] [  0.569] recv (stream_id=41, sensitive) content-length: 0
[id=2] [  0.569] recv HEADERS frame <length=8, flags=0x05, stream_id=41>
          ; END_STREAM | END_HEADERS
          (padlen=0)
          ; Open new stream
[id=2] [  0.569] send HEADERS frame <length=12, flags=0x04, stream_id=41>
          ; END_HEADERS
          (padlen=0)
          ; First response header
          :status: 200
          server: nghttpd nghttp2/1.70.0
          cache-control: max-age=3600
          date: Wed, 30 Sep 2026 14:23:53 GMT
          content-length: 256
          last-modified: Wed, 30 Sep 2026 14:23:53 GMT
          trailer: x-final
[id=2] [  0.569] send DATA frame <length=256, flags=0x00, stream_id=41>
[id=2] [  0.569] send HEADERS frame <length=1, flags=0x05, stream_id=41>
          ; END_STREAM | END_HEADERS
          (padlen=0)
          x-final: yes
[id=2] [  0.569] stream_id=41 closed
[id=2] [  0.569] recv (stream_id=43) :authority: localhost:63924
[id=2] [  0.569] recv (stream_id=43) :method: GET
[id=2] [  0.569] recv (stream_id=43) :path: /bytes
[id=2] [  0.569] recv (stream_id=43) :scheme: https
[id=2] [  0.569] recv (stream_id=43, sensitive) content-length: 0
[id=2] [  0.569] recv HEADERS frame <length=8, flags=0x05, stream_id=43>
          ; END_STREAM | END_HEADERS
          (padlen=0)
          ; Open new stream
[id=2] [  0.569] send HEADERS frame <length=12, flags=0x04, stream_id=43>
          ; END_HEADERS
          (padlen=0)
          ; First response header
          :status: 200
          server: nghttpd nghttp2/1.70.0
          cache-control: max-age=3600
          date: Wed, 30 Sep 2026 14:23:53 GMT
          content-length: 256
          last-modified: Wed, 30 Sep 2026 14:23:53 GMT
          trailer: x-final
[id=2] [  0.569] send DATA frame <length=256, flags=0x00, stream_id=43>
[id=2] [  0.569] send HEADERS frame <length=1, flags=0x05, stream_id=43>
          ; END_STREAM | END_HEADERS
          (padlen=0)
          x-final: yes
[id=2] [  0.569] stream_id=43 closed
[id=2] [  0.569] recv (stream_id=45) :authority: localhost:63924
[id=2] [  0.569] recv (stream_id=45) :method: GET
[id=2] [  0.569] recv (stream_id=45) :path: /bytes
[id=2] [  0.569] recv (stream_id=45) :scheme: https
[id=2] [  0.569] recv (stream_id=45, sensitive) content-length: 0
[id=2] [  0.569] recv HEADERS frame <length=8, flags=0x05, stream_id=45>
          ; END_STREAM | END_HEADERS
          (padlen=0)
          ; Open new stream
[id=2] [  0.569] send HEADERS frame <length=12, flags=0x04, stream_id=45>
          ; END_HEADERS
          (padlen=0)
          ; First response header
          :status: 200
          server: nghttpd nghttp2/1.70.0
          cache-control: max-age=3600
          date: Wed, 30 Sep 2026 14:23:53 GMT
          content-length: 256
          last-modified: Wed, 30 Sep 2026 14:23:53 GMT
          trailer: x-final
[id=2] [  0.569] send DATA frame <length=256, flags=0x00, stream_id=45>
[id=2] [  0.569] send HEADERS frame <length=1, flags=0x05, stream_id=45>
          ; END_STREAM | END_HEADERS
          (padlen=0)
          x-final: yes
[id=2] [  0.569] stream_id=45 closed
[id=2] [  0.569] recv (stream_id=47) :authority: localhost:63924
[id=2] [  0.569] recv (stream_id=47) :method: GET
[id=2] [  0.569] recv (stream_id=47) :path: /bytes
[id=2] [  0.569] recv (stream_id=47) :scheme: https
[id=2] [  0.569] recv (stream_id=47, sensitive) content-length: 0
[id=2] [  0.569] recv HEADERS frame <length=8, flags=0x05, stream_id=47>
          ; END_STREAM | END_HEADERS
          (padlen=0)
          ; Open new stream
[id=2] [  0.569] send HEADERS frame <length=12, flags=0x04, stream_id=47>
          ; END_HEADERS
          (padlen=0)
          ; First response header
          :status: 200
          server: nghttpd nghttp2/1.70.0
          cache-control: max-age=3600
          date: Wed, 30 Sep 2026 14:23:53 GMT
          content-length: 256
          last-modified: Wed, 30 Sep 2026 14:23:53 GMT
          trailer: x-final
[id=2] [  0.569] send DATA frame <length=256, flags=0x00, stream_id=47>
[id=2] [  0.569] send HEADERS frame <length=1, flags=0x05, stream_id=47>
          ; END_STREAM | END_HEADERS
          (padlen=0)
          x-final: yes
[id=2] [  0.569] stream_id=47 closed
[id=2] [  0.569] recv (stream_id=49) :authority: localhost:63924
[id=2] [  0.569] recv (stream_id=49) :method: GET
[id=2] [  0.569] recv (stream_id=49) :path: /bytes
[id=2] [  0.569] recv (stream_id=49) :scheme: https
[id=2] [  0.569] recv (stream_id=49, sensitive) content-length: 0
[id=2] [  0.569] recv HEADERS frame <length=8, flags=0x05, stream_id=49>
          ; END_STREAM | END_HEADERS
          (padlen=0)
          ; Open new stream
[id=2] [  0.569] send HEADERS frame <length=12, flags=0x04, stream_id=49>
          ; END_HEADERS
          (padlen=0)
          ; First response header
          :status: 200
          server: nghttpd nghttp2/1.70.0
          cache-control: max-age=3600
          date: Wed, 30 Sep 2026 14:23:53 GMT
          content-length: 256
          last-modified: Wed, 30 Sep 2026 14:23:53 GMT
          trailer: x-final
[id=2] [  0.569] send DATA frame <length=256, flags=0x00, stream_id=49>
[id=2] [  0.569] send HEADERS frame <length=1, flags=0x05, stream_id=49>
          ; END_STREAM | END_HEADERS
          (padlen=0)
          x-final: yes
[id=2] [  0.569] stream_id=49 closed
[id=2] [  0.569] recv (stream_id=51) :authority: localhost:63924
[id=2] [  0.569] recv (stream_id=51) :method: GET
[id=2] [  0.569] recv (stream_id=51) :path: /bytes
[id=2] [  0.569] recv (stream_id=51) :scheme: https
[id=2] [  0.569] recv (stream_id=51, sensitive) content-length: 0
[id=2] [  0.569] recv HEADERS frame <length=8, flags=0x05, stream_id=51>
          ; END_STREAM | END_HEADERS
          (padlen=0)
          ; Open new stream
[id=2] [  0.569] send HEADERS frame <length=12, flags=0x04, stream_id=51>
          ; END_HEADERS
          (padlen=0)
          ; First response header
          :status: 200
          server: nghttpd nghttp2/1.70.0
          cache-control: max-age=3600
          date: Wed, 30 Sep 2026 14:23:53 GMT
          content-length: 256
          last-modified: Wed, 30 Sep 2026 14:23:53 GMT
          trailer: x-final
[id=2] [  0.569] send DATA frame <length=256, flags=0x00, stream_id=51>
[id=2] [  0.569] send HEADERS frame <length=1, flags=0x05, stream_id=51>
          ; END_STREAM | END_HEADERS
          (padlen=0)
          x-final: yes
[id=2] [  0.569] stream_id=51 closed
[id=2] [  0.569] recv (stream_id=53) :authority: localhost:63924
[id=2] [  0.569] recv (stream_id=53) :method: GET
[id=2] [  0.569] recv (stream_id=53) :path: /bytes
[id=2] [  0.569] recv (stream_id=53) :scheme: https
[id=2] [  0.569] recv (stream_id=53, sensitive) content-length: 0
[id=2] [  0.569] recv HEADERS frame <length=8, flags=0x05, stream_id=53>
          ; END_STREAM | END_HEADERS
          (padlen=0)
          ; Open new stream
[id=2] [  0.569] send HEADERS frame <length=12, flags=0x04, stream_id=53>
          ; END_HEADERS
          (padlen=0)
          ; First response header
          :status: 200
          server: nghttpd nghttp2/1.70.0
          cache-control: max-age=3600
          date: Wed, 30 Sep 2026 14:23:53 GMT
          content-length: 256
          last-modified: Wed, 30 Sep 2026 14:23:53 GMT
          trailer: x-final
[id=2] [  0.569] send DATA frame <length=256, flags=0x00, stream_id=53>
[id=2] [  0.569] send HEADERS frame <length=1, flags=0x05, stream_id=53>
          ; END_STREAM | END_HEADERS
          (padlen=0)
          x-final: yes
[id=2] [  0.569] stream_id=53 closed
[id=2] [  0.569] recv (stream_id=55) :authority: localhost:63924
[id=2] [  0.569] recv (stream_id=55) :method: GET
[id=2] [  0.569] recv (stream_id=55) :path: /bytes
[id=2] [  0.569] recv (stream_id=55) :scheme: https
[id=2] [  0.569] recv (stream_id=55, sensitive) content-length: 0
[id=2] [  0.569] recv HEADERS frame <length=8, flags=0x05, stream_id=55>
          ; END_STREAM | END_HEADERS
          (padlen=0)
          ; Open new stream
[id=2] [  0.569] send HEADERS frame <length=12, flags=0x04, stream_id=55>
          ; END_HEADERS
          (padlen=0)
          ; First response header
          :status: 200
          server: nghttpd nghttp2/1.70.0
          cache-control: max-age=3600
          date: Wed, 30 Sep 2026 14:23:53 GMT
          content-length: 256
          last-modified: Wed, 30 Sep 2026 14:23:53 GMT
          trailer: x-final
[id=2] [  0.569] send DATA frame <length=256, flags=0x00, stream_id=55>
[id=2] [  0.569] send HEADERS frame <length=1, flags=0x05, stream_id=55>
          ; END_STREAM | END_HEADERS
          (padlen=0)
          x-final: yes
[id=2] [  0.569] stream_id=55 closed
[id=2] [  0.569] recv (stream_id=57) :authority: localhost:63924
[id=2] [  0.569] recv (stream_id=57) :method: GET
[id=2] [  0.569] recv (stream_id=57) :path: /bytes
[id=2] [  0.569] recv (stream_id=57) :scheme: https
[id=2] [  0.569] recv (stream_id=57, sensitive) content-length: 0
[id=2] [  0.569] recv HEADERS frame <length=8, flags=0x05, stream_id=57>
          ; END_STREAM | END_HEADERS
          (padlen=0)
          ; Open new stream
[id=2] [  0.569] send HEADERS frame <length=12, flags=0x04, stream_id=57>
          ; END_HEADERS
          (padlen=0)
          ; First response header
          :status: 200
          server: nghttpd nghttp2/1.70.0
          cache-control: max-age=3600
          date: Wed, 30 Sep 2026 14:23:53 GMT
          content-length: 256
          last-modified: Wed, 30 Sep 2026 14:23:53 GMT
          trailer: x-final
[id=2] [  0.569] send DATA frame <length=256, flags=0x00, stream_id=57>
[id=2] [  0.569] send HEADERS frame <length=1, flags=0x05, stream_id=57>
          ; END_STREAM | END_HEADERS
          (padlen=0)
          x-final: yes
[id=2] [  0.569] stream_id=57 closed
[id=2] [  0.569] recv (stream_id=59) :authority: localhost:63924
[id=2] [  0.569] recv (stream_id=59) :method: GET
[id=2] [  0.569] recv (stream_id=59) :path: /bytes
[id=2] [  0.569] recv (stream_id=59) :scheme: https
[id=2] [  0.569] recv (stream_id=59, sensitive) content-length: 0
[id=2] [  0.569] recv HEADERS frame <length=8, flags=0x05, stream_id=59>
          ; END_STREAM | END_HEADERS
          (padlen=0)
          ; Open new stream
[id=2] [  0.569] send HEADERS frame <length=12, flags=0x04, stream_id=59>
          ; END_HEADERS
          (padlen=0)
          ; First response header
          :status: 200
          server: nghttpd nghttp2/1.70.0
          cache-control: max-age=3600
          date: Wed, 30 Sep 2026 14:23:53 GMT
          content-length: 256
          last-modified: Wed, 30 Sep 2026 14:23:53 GMT
          trailer: x-final
[id=2] [  0.569] send DATA frame <length=256, flags=0x00, stream_id=59>
[id=2] [  0.569] send HEADERS frame <length=1, flags=0x05, stream_id=59>
          ; END_STREAM | END_HEADERS
          (padlen=0)
          x-final: yes
[id=2] [  0.569] stream_id=59 closed
[id=2] [  0.569] recv (stream_id=61) :authority: localhost:63924
[id=2] [  0.569] recv (stream_id=61) :method: GET
[id=2] [  0.569] recv (stream_id=61) :path: /bytes
[id=2] [  0.569] recv (stream_id=61) :scheme: https
[id=2] [  0.569] recv (stream_id=61, sensitive) content-length: 0
[id=2] [  0.569] recv HEADERS frame <length=8, flags=0x05, stream_id=61>
          ; END_STREAM | END_HEADERS
          (padlen=0)
          ; Open new stream
[id=2] [  0.569] send HEADERS frame <length=12, flags=0x04, stream_id=61>
          ; END_HEADERS
          (padlen=0)
          ; First response header
          :status: 200
          server: nghttpd nghttp2/1.70.0
          cache-control: max-age=3600
          date: Wed, 30 Sep 2026 14:23:53 GMT
          content-length: 256
          last-modified: Wed, 30 Sep 2026 14:23:53 GMT
          trailer: x-final
[id=2] [  0.570] send DATA frame <length=256, flags=0x00, stream_id=61>
[id=2] [  0.570] send HEADERS frame <length=1, flags=0x05, stream_id=61>
          ; END_STREAM | END_HEADERS
          (padlen=0)
          x-final: yes
[id=2] [  0.570] stream_id=61 closed
[id=2] [  0.570] recv (stream_id=63) :authority: localhost:63924
[id=2] [  0.570] recv (stream_id=63) :method: GET
[id=2] [  0.570] recv (stream_id=63) :path: /bytes
[id=2] [  0.570] recv (stream_id=63) :scheme: https
[id=2] [  0.570] recv (stream_id=63, sensitive) content-length: 0
[id=2] [  0.570] recv HEADERS frame <length=8, flags=0x05, stream_id=63>
          ; END_STREAM | END_HEADERS
          (padlen=0)
          ; Open new stream
[id=2] [  0.570] send HEADERS frame <length=12, flags=0x04, stream_id=63>
          ; END_HEADERS
          (padlen=0)
          ; First response header
          :status: 200
          server: nghttpd nghttp2/1.70.0
          cache-control: max-age=3600
          date: Wed, 30 Sep 2026 14:23:53 GMT
          content-length: 256
          last-modified: Wed, 30 Sep 2026 14:23:53 GMT
          trailer: x-final
[id=2] [  0.570] send DATA frame <length=256, flags=0x00, stream_id=63>
[id=2] [  0.570] send HEADERS frame <length=1, flags=0x05, stream_id=63>
          ; END_STREAM | END_HEADERS
          (padlen=0)
          x-final: yes
[id=2] [  0.570] stream_id=63 closed
[id=2] [  0.570] recv (stream_id=65) :authority: localhost:63924
[id=2] [  0.570] recv (stream_id=65) :method: GET
[id=2] [  0.570] recv (stream_id=65) :path: /bytes
[id=2] [  0.570] recv (stream_id=65) :scheme: https
[id=2] [  0.570] recv (stream_id=65, sensitive) content-length: 0
[id=2] [  0.570] recv HEADERS frame <length=8, flags=0x05, stream_id=65>
          ; END_STREAM | END_HEADERS
          (padlen=0)
          ; Open new stream
[id=2] [  0.570] send HEADERS frame <length=12, flags=0x04, stream_id=65>
          ; END_HEADERS
          (padlen=0)
          ; First response header
          :status: 200
          server: nghttpd nghttp2/1.70.0
          cache-control: max-age=3600
          date: Wed, 30 Sep 2026 14:23:53 GMT
          content-length: 256
          last-modified: Wed, 30 Sep 2026 14:23:53 GMT
          trailer: x-final
[id=2] [  0.570] send DATA frame <length=256, flags=0x00, stream_id=65>
[id=2] [  0.570] send HEADERS frame <length=1, flags=0x05, stream_id=65>
          ; END_STREAM | END_HEADERS
          (padlen=0)
          x-final: yes
[id=2] [  0.570] stream_id=65 closed
[id=2] [  0.570] recv (stream_id=67) :authority: localhost:63924
[id=2] [  0.570] recv (stream_id=67) :method: GET
[id=2] [  0.570] recv (stream_id=67) :path: /bytes
[id=2] [  0.570] recv (stream_id=67) :scheme: https
[id=2] [  0.570] recv (stream_id=67, sensitive) content-length: 0
[id=2] [  0.570] recv HEADERS frame <length=8, flags=0x05, stream_id=67>
          ; END_STREAM | END_HEADERS
          (padlen=0)
          ; Open new stream
[id=2] [  0.570] send HEADERS frame <length=12, flags=0x04, stream_id=67>
          ; END_HEADERS
          (padlen=0)
          ; First response header
          :status: 200
          server: nghttpd nghttp2/1.70.0
          cache-control: max-age=3600
          date: Wed, 30 Sep 2026 14:23:53 GMT
          content-length: 256
          last-modified: Wed, 30 Sep 2026 14:23:53 GMT
          trailer: x-final
[id=2] [  0.570] send DATA frame <length=256, flags=0x00, stream_id=67>
[id=2] [  0.570] send HEADERS frame <length=1, flags=0x05, stream_id=67>
          ; END_STREAM | END_HEADERS
          (padlen=0)
          x-final: yes
[id=2] [  0.570] stream_id=67 closed
[id=2] [  0.570] recv (stream_id=69) :authority: localhost:63924
[id=2] [  0.570] recv (stream_id=69) :method: GET
[id=2] [  0.570] recv (stream_id=69) :path: /bytes
[id=2] [  0.570] recv (stream_id=69) :scheme: https
[id=2] [  0.570] recv (stream_id=69, sensitive) content-length: 0
[id=2] [  0.570] recv HEADERS frame <length=8, flags=0x05, stream_id=69>
          ; END_STREAM | END_HEADERS
          (padlen=0)
          ; Open new stream
[id=2] [  0.570] send HEADERS frame <length=12, flags=0x04, stream_id=69>
          ; END_HEADERS
          (padlen=0)
          ; First response header
          :status: 200
          server: nghttpd nghttp2/1.70.0
          cache-control: max-age=3600
          date: Wed, 30 Sep 2026 14:23:53 GMT
          content-length: 256
          last-modified: Wed, 30 Sep 2026 14:23:53 GMT
          trailer: x-final
[id=2] [  0.570] send DATA frame <length=256, flags=0x00, stream_id=69>
[id=2] [  0.570] send HEADERS frame <length=1, flags=0x05, stream_id=69>
          ; END_STREAM | END_HEADERS
          (padlen=0)
          x-final: yes
[id=2] [  0.570] stream_id=69 closed
[id=2] [  0.570] recv (stream_id=71) :authority: localhost:63924
[id=2] [  0.570] recv (stream_id=71) :method: GET
[id=2] [  0.570] recv (stream_id=71) :path: /bytes
[id=2] [  0.570] recv (stream_id=71) :scheme: https
[id=2] [  0.570] recv (stream_id=71, sensitive) content-length: 0
[id=2] [  0.570] recv HEADERS frame <length=8, flags=0x05, stream_id=71>
          ; END_STREAM | END_HEADERS
          (padlen=0)
          ; Open new stream
[id=2] [  0.570] send HEADERS frame <length=12, flags=0x04, stream_id=71>
          ; END_HEADERS
          (padlen=0)
          ; First response header
          :status: 200
          server: nghttpd nghttp2/1.70.0
          cache-control: max-age=3600
          date: Wed, 30 Sep 2026 14:23:53 GMT
          content-length: 256
          last-modified: Wed, 30 Sep 2026 14:23:53 GMT
          trailer: x-final
[id=2] [  0.570] send DATA frame <length=256, flags=0x00, stream_id=71>
[id=2] [  0.570] send HEADERS frame <length=1, flags=0x05, stream_id=71>
          ; END_STREAM | END_HEADERS
          (padlen=0)
          x-final: yes
[id=2] [  0.570] stream_id=71 closed
[id=2] [  0.570] recv (stream_id=73) :authority: localhost:63924
[id=2] [  0.570] recv (stream_id=73) :method: GET
[id=2] [  0.570] recv (stream_id=73) :path: /bytes
[id=2] [  0.570] recv (stream_id=73) :scheme: https
[id=2] [  0.570] recv (stream_id=73, sensitive) content-length: 0
[id=2] [  0.570] recv HEADERS frame <length=8, flags=0x05, stream_id=73>
          ; END_STREAM | END_HEADERS
          (padlen=0)
          ; Open new stream
[id=2] [  0.570] send HEADERS frame <length=12, flags=0x04, stream_id=73>
          ; END_HEADERS
          (padlen=0)
          ; First response header
          :status: 200
          server: nghttpd nghttp2/1.70.0
          cache-control: max-age=3600
          date: Wed, 30 Sep 2026 14:23:53 GMT
          content-length: 256
          last-modified: Wed, 30 Sep 2026 14:23:53 GMT
          trailer: x-final
[id=2] [  0.570] send DATA frame <length=256, flags=0x00, stream_id=73>
[id=2] [  0.570] send HEADERS frame <length=1, flags=0x05, stream_id=73>
          ; END_STREAM | END_HEADERS
          (padlen=0)
          x-final: yes
[id=2] [  0.570] stream_id=73 closed
[id=2] [  0.570] recv (stream_id=75) :authority: localhost:63924
[id=2] [  0.570] recv (stream_id=75) :method: GET
[id=2] [  0.570] recv (stream_id=75) :path: /bytes
[id=2] [  0.570] recv (stream_id=75) :scheme: https
[id=2] [  0.570] recv (stream_id=75, sensitive) content-length: 0
[id=2] [  0.570] recv HEADERS frame <length=8, flags=0x05, stream_id=75>
          ; END_STREAM | END_HEADERS
          (padlen=0)
          ; Open new stream
[id=2] [  0.570] send HEADERS frame <length=12, flags=0x04, stream_id=75>
          ; END_HEADERS
          (padlen=0)
          ; First response header
          :status: 200
          server: nghttpd nghttp2/1.70.0
          cache-control: max-age=3600
          date: Wed, 30 Sep 2026 14:23:53 GMT
          content-length: 256
          last-modified: Wed, 30 Sep 2026 14:23:53 GMT
          trailer: x-final
[id=2] [  0.570] send DATA frame <length=256, flags=0x00, stream_id=75>
[id=2] [  0.570] send HEADERS frame <length=1, flags=0x05, stream_id=75>
          ; END_STREAM | END_HEADERS
          (padlen=0)
          x-final: yes
[id=2] [  0.570] stream_id=75 closed
[id=2] [  0.570] recv (stream_id=77) :authority: localhost:63924
[id=2] [  0.570] recv (stream_id=77) :method: GET
[id=2] [  0.570] recv (stream_id=77) :path: /bytes
[id=2] [  0.570] recv (stream_id=77) :scheme: https
[id=2] [  0.570] recv (stream_id=77, sensitive) content-length: 0
[id=2] [  0.570] recv HEADERS frame <length=8, flags=0x05, stream_id=77>
          ; END_STREAM | END_HEADERS
          (padlen=0)
          ; Open new stream
[id=2] [  0.570] send HEADERS frame <length=12, flags=0x04, stream_id=77>
          ; END_HEADERS
          (padlen=0)
          ; First response header
          :status: 200
          server: nghttpd nghttp2/1.70.0
          cache-control: max-age=3600
          date: Wed, 30 Sep 2026 14:23:53 GMT
          content-length: 256
          last-modified: Wed, 30 Sep 2026 14:23:53 GMT
          trailer: x-final
[id=2] [  0.570] send DATA frame <length=256, flags=0x00, stream_id=77>
[id=2] [  0.570] send HEADERS frame <length=1, flags=0x05, stream_id=77>
          ; END_STREAM | END_HEADERS
          (padlen=0)
          x-final: yes
[id=2] [  0.570] stream_id=77 closed
[id=2] [  0.570] recv (stream_id=79) :authority: localhost:63924
[id=2] [  0.570] recv (stream_id=79) :method: GET
[id=2] [  0.570] recv (stream_id=79) :path: /bytes
[id=2] [  0.570] recv (stream_id=79) :scheme: https
[id=2] [  0.570] recv (stream_id=79, sensitive) content-length: 0
[id=2] [  0.570] recv HEADERS frame <length=8, flags=0x05, stream_id=79>
          ; END_STREAM | END_HEADERS
          (padlen=0)
          ; Open new stream
[id=2] [  0.570] send HEADERS frame <length=12, flags=0x04, stream_id=79>
          ; END_HEADERS
          (padlen=0)
          ; First response header
          :status: 200
          server: nghttpd nghttp2/1.70.0
          cache-control: max-age=3600
          date: Wed, 30 Sep 2026 14:23:53 GMT
          content-length: 256
          last-modified: Wed, 30 Sep 2026 14:23:53 GMT
          trailer: x-final
[id=2] [  0.570] send DATA frame <length=256, flags=0x00, stream_id=79>
[id=2] [  0.570] send HEADERS frame <length=1, flags=0x05, stream_id=79>
          ; END_STREAM | END_HEADERS
          (padlen=0)
          x-final: yes
[id=2] [  0.570] stream_id=79 closed
[id=2] [  0.570] recv (stream_id=81) :authority: localhost:63924
[id=2] [  0.570] recv (stream_id=81) :method: GET
[id=2] [  0.570] recv (stream_id=81) :path: /bytes
[id=2] [  0.570] recv (stream_id=81) :scheme: https
[id=2] [  0.570] recv (stream_id=81, sensitive) content-length: 0
[id=2] [  0.570] recv HEADERS frame <length=8, flags=0x05, stream_id=81>
          ; END_STREAM | END_HEADERS
          (padlen=0)
          ; Open new stream
[id=2] [  0.570] send HEADERS frame <length=12, flags=0x04, stream_id=81>
          ; END_HEADERS
          (padlen=0)
          ; First response header
          :status: 200
          server: nghttpd nghttp2/1.70.0
          cache-control: max-age=3600
          date: Wed, 30 Sep 2026 14:23:53 GMT
          content-length: 256
          last-modified: Wed, 30 Sep 2026 14:23:53 GMT
          trailer: x-final
[id=2] [  0.570] send DATA frame <length=256, flags=0x00, stream_id=81>
[id=2] [  0.570] send HEADERS frame <length=1, flags=0x05, stream_id=81>
          ; END_STREAM | END_HEADERS
          (padlen=0)
          x-final: yes
[id=2] [  0.570] stream_id=81 closed
[id=2] [  0.571] recv (stream_id=83) :authority: localhost:63924
[id=2] [  0.571] recv (stream_id=83) :method: GET
[id=2] [  0.571] recv (stream_id=83) :path: /bytes
[id=2] [  0.571] recv (stream_id=83) :scheme: https
[id=2] [  0.571] recv (stream_id=83, sensitive) content-length: 0
[id=2] [  0.571] recv HEADERS frame <length=8, flags=0x05, stream_id=83>
          ; END_STREAM | END_HEADERS
          (padlen=0)
          ; Open new stream
[id=2] [  0.571] send HEADERS frame <length=12, flags=0x04, stream_id=83>
          ; END_HEADERS
          (padlen=0)
          ; First response header
          :status: 200
          server: nghttpd nghttp2/1.70.0
          cache-control: max-age=3600
          date: Wed, 30 Sep 2026 14:23:53 GMT
          content-length: 256
          last-modified: Wed, 30 Sep 2026 14:23:53 GMT
          trailer: x-final
[id=2] [  0.571] send DATA frame <length=256, flags=0x00, stream_id=83>
[id=2] [  0.571] send HEADERS frame <length=1, flags=0x05, stream_id=83>
          ; END_STREAM | END_HEADERS
          (padlen=0)
          x-final: yes
[id=2] [  0.571] stream_id=83 closed
[id=2] [  0.571] recv (stream_id=85) :authority: localhost:63924
[id=2] [  0.571] recv (stream_id=85) :method: GET
[id=2] [  0.571] recv (stream_id=85) :path: /bytes
[id=2] [  0.571] recv (stream_id=85) :scheme: https
[id=2] [  0.571] recv (stream_id=85, sensitive) content-length: 0
[id=2] [  0.571] recv HEADERS frame <length=8, flags=0x05, stream_id=85>
          ; END_STREAM | END_HEADERS
          (padlen=0)
          ; Open new stream
[id=2] [  0.571] send HEADERS frame <length=12, flags=0x04, stream_id=85>
          ; END_HEADERS
          (padlen=0)
          ; First response header
          :status: 200
          server: nghttpd nghttp2/1.70.0
          cache-control: max-age=3600
          date: Wed, 30 Sep 2026 14:23:53 GMT
          content-length: 256
          last-modified: Wed, 30 Sep 2026 14:23:53 GMT
          trailer: x-final
[id=2] [  0.571] send DATA frame <length=256, flags=0x00, stream_id=85>
[id=2] [  0.571] send HEADERS frame <length=1, flags=0x05, stream_id=85>
          ; END_STREAM | END_HEADERS
          (padlen=0)
          x-final: yes
[id=2] [  0.571] stream_id=85 closed
[id=2] [  0.571] recv (stream_id=87) :authority: localhost:63924
[id=2] [  0.571] recv (stream_id=87) :method: GET
[id=2] [  0.571] recv (stream_id=87) :path: /bytes
[id=2] [  0.571] recv (stream_id=87) :scheme: https
[id=2] [  0.571] recv (stream_id=87, sensitive) content-length: 0
[id=2] [  0.571] recv HEADERS frame <length=8, flags=0x05, stream_id=87>
          ; END_STREAM | END_HEADERS
          (padlen=0)
          ; Open new stream
[id=2] [  0.571] send HEADERS frame <length=12, flags=0x04, stream_id=87>
          ; END_HEADERS
          (padlen=0)
          ; First response header
          :status: 200
          server: nghttpd nghttp2/1.70.0
          cache-control: max-age=3600
          date: Wed, 30 Sep 2026 14:23:53 GMT
          content-length: 256
          last-modified: Wed, 30 Sep 2026 14:23:53 GMT
          trailer: x-final
[id=2] [  0.571] send DATA frame <length=256, flags=0x00, stream_id=87>
[id=2] [  0.571] send HEADERS frame <length=1, flags=0x05, stream_id=87>
          ; END_STREAM | END_HEADERS
          (padlen=0)
          x-final: yes
[id=2] [  0.571] stream_id=87 closed
[id=2] [  0.571] recv (stream_id=89) :authority: localhost:63924
[id=2] [  0.571] recv (stream_id=89) :method: GET
[id=2] [  0.571] recv (stream_id=89) :path: /bytes
[id=2] [  0.571] recv (stream_id=89) :scheme: https
[id=2] [  0.571] recv (stream_id=89, sensitive) content-length: 0
[id=2] [  0.571] recv HEADERS frame <length=8, flags=0x05, stream_id=89>
          ; END_STREAM | END_HEADERS
          (padlen=0)
          ; Open new stream
[id=2] [  0.571] send HEADERS frame <length=12, flags=0x04, stream_id=89>
          ; END_HEADERS
          (padlen=0)
          ; First response header
          :status: 200
          server: nghttpd nghttp2/1.70.0
          cache-control: max-age=3600
          date: Wed, 30 Sep 2026 14:23:53 GMT
          content-length: 256
          last-modified: Wed, 30 Sep 2026 14:23:53 GMT
          trailer: x-final
[id=2] [  0.571] send DATA frame <length=256, flags=0x00, stream_id=89>
[id=2] [  0.571] send HEADERS frame <length=1, flags=0x05, stream_id=89>
          ; END_STREAM | END_HEADERS
          (padlen=0)
          x-final: yes
[id=2] [  0.571] stream_id=89 closed
[id=2] [  0.571] recv (stream_id=91) :authority: localhost:63924
[id=2] [  0.571] recv (stream_id=91) :method: GET
[id=2] [  0.571] recv (stream_id=91) :path: /bytes
[id=2] [  0.571] recv (stream_id=91) :scheme: https
[id=2] [  0.571] recv (stream_id=91, sensitive) content-length: 0
[id=2] [  0.571] recv HEADERS frame <length=8, flags=0x05, stream_id=91>
          ; END_STREAM | END_HEADERS
          (padlen=0)
          ; Open new stream
[id=2] [  0.571] send HEADERS frame <length=12, flags=0x04, stream_id=91>
          ; END_HEADERS
          (padlen=0)
          ; First response header
          :status: 200
          server: nghttpd nghttp2/1.70.0
          cache-control: max-age=3600
          date: Wed, 30 Sep 2026 14:23:53 GMT
          content-length: 256
          last-modified: Wed, 30 Sep 2026 14:23:53 GMT
          trailer: x-final
[id=2] [  0.571] send DATA frame <length=256, flags=0x00, stream_id=91>
[id=2] [  0.571] send HEADERS frame <length=1, flags=0x05, stream_id=91>
          ; END_STREAM | END_HEADERS
          (padlen=0)
          x-final: yes
[id=2] [  0.571] stream_id=91 closed
[id=2] [  0.571] recv (stream_id=93) :authority: localhost:63924
[id=2] [  0.571] recv (stream_id=93) :method: GET
[id=2] [  0.571] recv (stream_id=93) :path: /bytes
[id=2] [  0.571] recv (stream_id=93) :scheme: https
[id=2] [  0.571] recv (stream_id=93, sensitive) content-length: 0
[id=2] [  0.571] recv HEADERS frame <length=8, flags=0x05, stream_id=93>
          ; END_STREAM | END_HEADERS
          (padlen=0)
          ; Open new stream
[id=2] [  0.571] send HEADERS frame <length=12, flags=0x04, stream_id=93>
          ; END_HEADERS
          (padlen=0)
          ; First response header
          :status: 200
          server: nghttpd nghttp2/1.70.0
          cache-control: max-age=3600
          date: Wed, 30 Sep 2026 14:23:53 GMT
          content-length: 256
          last-modified: Wed, 30 Sep 2026 14:23:53 GMT
          trailer: x-final
[id=2] [  0.571] send DATA frame <length=256, flags=0x00, stream_id=93>
[id=2] [  0.571] send HEADERS frame <length=1, flags=0x05, stream_id=93>
          ; END_STREAM | END_HEADERS
          (padlen=0)
          x-final: yes
[id=2] [  0.571] stream_id=93 closed
[id=2] [  0.571] recv (stream_id=95) :authority: localhost:63924
[id=2] [  0.571] recv (stream_id=95) :method: GET
[id=2] [  0.571] recv (stream_id=95) :path: /bytes
[id=2] [  0.571] recv (stream_id=95) :scheme: https
[id=2] [  0.571] recv (stream_id=95, sensitive) content-length: 0
[id=2] [  0.571] recv HEADERS frame <length=8, flags=0x05, stream_id=95>
          ; END_STREAM | END_HEADERS
          (padlen=0)
          ; Open new stream
[id=2] [  0.571] send HEADERS frame <length=12, flags=0x04, stream_id=95>
          ; END_HEADERS
          (padlen=0)
          ; First response header
          :status: 200
          server: nghttpd nghttp2/1.70.0
          cache-control: max-age=3600
          date: Wed, 30 Sep 2026 14:23:53 GMT
          content-length: 256
          last-modified: Wed, 30 Sep 2026 14:23:53 GMT
          trailer: x-final
[id=2] [  0.571] send DATA frame <length=256, flags=0x00, stream_id=95>
[id=2] [  0.571] send HEADERS frame <length=1, flags=0x05, stream_id=95>
          ; END_STREAM | END_HEADERS
          (padlen=0)
          x-final: yes
[id=2] [  0.571] stream_id=95 closed
[id=2] [  0.571] recv (stream_id=97) :authority: localhost:63924
[id=2] [  0.571] recv (stream_id=97) :method: GET
[id=2] [  0.571] recv (stream_id=97) :path: /bytes
[id=2] [  0.571] recv (stream_id=97) :scheme: https
[id=2] [  0.571] recv (stream_id=97, sensitive) content-length: 0
[id=2] [  0.571] recv HEADERS frame <length=8, flags=0x05, stream_id=97>
          ; END_STREAM | END_HEADERS
          (padlen=0)
          ; Open new stream
[id=2] [  0.571] send HEADERS frame <length=12, flags=0x04, stream_id=97>
          ; END_HEADERS
          (padlen=0)
          ; First response header
          :status: 200
          server: nghttpd nghttp2/1.70.0
          cache-control: max-age=3600
          date: Wed, 30 Sep 2026 14:23:53 GMT
          content-length: 256
          last-modified: Wed, 30 Sep 2026 14:23:53 GMT
          trailer: x-final
[id=2] [  0.571] send DATA frame <length=256, flags=0x00, stream_id=97>
[id=2] [  0.571] send HEADERS frame <length=1, flags=0x05, stream_id=97>
          ; END_STREAM | END_HEADERS
          (padlen=0)
          x-final: yes
[id=2] [  0.571] stream_id=97 closed
[id=2] [  0.571] recv (stream_id=99) :authority: localhost:63924
[id=2] [  0.571] recv (stream_id=99) :method: GET
[id=2] [  0.571] recv (stream_id=99) :path: /bytes
[id=2] [  0.571] recv (stream_id=99) :scheme: https
[id=2] [  0.571] recv (stream_id=99, sensitive) content-length: 0
[id=2] [  0.571] recv HEADERS frame <length=8, flags=0x05, stream_id=99>
          ; END_STREAM | END_HEADERS
          (padlen=0)
          ; Open new stream
[id=2] [  0.571] send HEADERS frame <length=12, flags=0x04, stream_id=99>
          ; END_HEADERS
          (padlen=0)
          ; First response header
          :status: 200
          server: nghttpd nghttp2/1.70.0
          cache-control: max-age=3600
          date: Wed, 30 Sep 2026 14:23:53 GMT
          content-length: 256
          last-modified: Wed, 30 Sep 2026 14:23:53 GMT
          trailer: x-final
[id=2] [  0.571] send DATA frame <length=256, flags=0x00, stream_id=99>
[id=2] [  0.571] send HEADERS frame <length=1, flags=0x05, stream_id=99>
          ; END_STREAM | END_HEADERS
          (padlen=0)
          x-final: yes
[id=2] [  0.571] stream_id=99 closed
[id=2] [  0.571] recv (stream_id=101) :authority: localhost:63924
[id=2] [  0.571] recv (stream_id=101) :method: GET
[id=2] [  0.571] recv (stream_id=101) :path: /bytes
[id=2] [  0.571] recv (stream_id=101) :scheme: https
[id=2] [  0.571] recv (stream_id=101, sensitive) content-length: 0
[id=2] [  0.571] recv HEADERS frame <length=8, flags=0x05, stream_id=101>
          ; END_STREAM | END_HEADERS
          (padlen=0)
          ; Open new stream
[id=2] [  0.571] send HEADERS frame <length=12, flags=0x04, stream_id=101>
          ; END_HEADERS
          (padlen=0)
          ; First response header
          :status: 200
          server: nghttpd nghttp2/1.70.0
          cache-control: max-age=3600
          date: Wed, 30 Sep 2026 14:23:53 GMT
          content-length: 256
          last-modified: Wed, 30 Sep 2026 14:23:53 GMT
          trailer: x-final
[id=2] [  0.571] send DATA frame <length=256, flags=0x00, stream_id=101>
[id=2] [  0.571] send HEADERS frame <length=1, flags=0x05, stream_id=101>
          ; END_STREAM | END_HEADERS
          (padlen=0)
          x-final: yes
[id=2] [  0.571] stream_id=101 closed
[id=2] [  0.571] recv (stream_id=103) :authority: localhost:63924
[id=2] [  0.571] recv (stream_id=103) :method: GET
[id=2] [  0.571] recv (stream_id=103) :path: /bytes
[id=2] [  0.571] recv (stream_id=103) :scheme: https
[id=2] [  0.571] recv (stream_id=103, sensitive) content-length: 0
[id=2] [  0.571] recv HEADERS frame <length=8, flags=0x05, stream_id=103>
          ; END_STREAM | END_HEADERS
          (padlen=0)
          ; Open new stream
[id=2] [  0.571] send HEADERS frame <length=12, flags=0x04, stream_id=103>
          ; END_HEADERS
          (padlen=0)
          ; First response header
          :status: 200
          server: nghttpd nghttp2/1.70.0
          cache-control: max-age=3600
          date: Wed, 30 Sep 2026 14:23:53 GMT
          content-length: 256
          last-modified: Wed, 30 Sep 2026 14:23:53 GMT
          trailer: x-final
[id=2] [  0.571] send DATA frame <length=256, flags=0x00, stream_id=103>
[id=2] [  0.571] send HEADERS frame <length=1, flags=0x05, stream_id=103>
          ; END_STREAM | END_HEADERS
          (padlen=0)
          x-final: yes
[id=2] [  0.571] stream_id=103 closed
[id=2] [  0.571] recv (stream_id=105) :authority: localhost:63924
[id=2] [  0.571] recv (stream_id=105) :method: GET
[id=2] [  0.571] recv (stream_id=105) :path: /bytes
[id=2] [  0.571] recv (stream_id=105) :scheme: https
[id=2] [  0.571] recv (stream_id=105, sensitive) content-length: 0
[id=2] [  0.571] recv HEADERS frame <length=8, flags=0x05, stream_id=105>
          ; END_STREAM | END_HEADERS
          (padlen=0)
          ; Open new stream
[id=2] [  0.572] send HEADERS frame <length=12, flags=0x04, stream_id=105>
          ; END_HEADERS
          (padlen=0)
          ; First response header
          :status: 200
          server: nghttpd nghttp2/1.70.0
          cache-control: max-age=3600
          date: Wed, 30 Sep 2026 14:23:53 GMT
          content-length: 256
          last-modified: Wed, 30 Sep 2026 14:23:53 GMT
          trailer: x-final
[id=2] [  0.572] send DATA frame <length=256, flags=0x00, stream_id=105>
[id=2] [  0.572] send HEADERS frame <length=1, flags=0x05, stream_id=105>
          ; END_STREAM | END_HEADERS
          (padlen=0)
          x-final: yes
[id=2] [  0.572] stream_id=105 closed
[id=2] [  0.572] recv (stream_id=107) :authority: localhost:63924
[id=2] [  0.572] recv (stream_id=107) :method: GET
[id=2] [  0.572] recv (stream_id=107) :path: /bytes
[id=2] [  0.572] recv (stream_id=107) :scheme: https
[id=2] [  0.572] recv (stream_id=107, sensitive) content-length: 0
[id=2] [  0.572] recv HEADERS frame <length=8, flags=0x05, stream_id=107>
          ; END_STREAM | END_HEADERS
          (padlen=0)
          ; Open new stream
[id=2] [  0.572] send HEADERS frame <length=12, flags=0x04, stream_id=107>
          ; END_HEADERS
          (padlen=0)
          ; First response header
          :status: 200
          server: nghttpd nghttp2/1.70.0
          cache-control: max-age=3600
          date: Wed, 30 Sep 2026 14:23:53 GMT
          content-length: 256
          last-modified: Wed, 30 Sep 2026 14:23:53 GMT
          trailer: x-final
[id=2] [  0.572] send DATA frame <length=256, flags=0x00, stream_id=107>
[id=2] [  0.572] send HEADERS frame <length=1, flags=0x05, stream_id=107>
          ; END_STREAM | END_HEADERS
          (padlen=0)
          x-final: yes
[id=2] [  0.572] stream_id=107 closed
[id=2] [  0.572] recv (stream_id=109) :authority: localhost:63924
[id=2] [  0.572] recv (stream_id=109) :method: GET
[id=2] [  0.572] recv (stream_id=109) :path: /bytes
[id=2] [  0.572] recv (stream_id=109) :scheme: https
[id=2] [  0.572] recv (stream_id=109, sensitive) content-length: 0
[id=2] [  0.572] recv HEADERS frame <length=8, flags=0x05, stream_id=109>
          ; END_STREAM | END_HEADERS
          (padlen=0)
          ; Open new stream
[id=2] [  0.572] send HEADERS frame <length=12, flags=0x04, stream_id=109>
          ; END_HEADERS
          (padlen=0)
          ; First response header
          :status: 200
          server: nghttpd nghttp2/1.70.0
          cache-control: max-age=3600
          date: Wed, 30 Sep 2026 14:23:53 GMT
          content-length: 256
          last-modified: Wed, 30 Sep 2026 14:23:53 GMT
          trailer: x-final
[id=2] [  0.572] send DATA frame <length=256, flags=0x00, stream_id=109>
[id=2] [  0.572] send HEADERS frame <length=1, flags=0x05, stream_id=109>
          ; END_STREAM | END_HEADERS
          (padlen=0)
          x-final: yes
[id=2] [  0.572] stream_id=109 closed
[id=2] [  0.572] recv (stream_id=111) :authority: localhost:63924
[id=2] [  0.572] recv (stream_id=111) :method: GET
[id=2] [  0.572] recv (stream_id=111) :path: /bytes
[id=2] [  0.572] recv (stream_id=111) :scheme: https
[id=2] [  0.572] recv (stream_id=111, sensitive) content-length: 0
[id=2] [  0.572] recv HEADERS frame <length=8, flags=0x05, stream_id=111>
          ; END_STREAM | END_HEADERS
          (padlen=0)
          ; Open new stream
[id=2] [  0.572] send HEADERS frame <length=12, flags=0x04, stream_id=111>
          ; END_HEADERS
          (padlen=0)
          ; First response header
          :status: 200
          server: nghttpd nghttp2/1.70.0
          cache-control: max-age=3600
          date: Wed, 30 Sep 2026 14:23:53 GMT
          content-length: 256
          last-modified: Wed, 30 Sep 2026 14:23:53 GMT
          trailer: x-final
[id=2] [  0.572] send DATA frame <length=256, flags=0x00, stream_id=111>
[id=2] [  0.572] send HEADERS frame <length=1, flags=0x05, stream_id=111>
          ; END_STREAM | END_HEADERS
          (padlen=0)
          x-final: yes
[id=2] [  0.572] stream_id=111 closed
[id=2] [  0.572] recv (stream_id=113) :authority: localhost:63924
[id=2] [  0.572] recv (stream_id=113) :method: GET
[id=2] [  0.572] recv (stream_id=113) :path: /bytes
[id=2] [  0.572] recv (stream_id=113) :scheme: https
[id=2] [  0.572] recv (stream_id=113, sensitive) content-length: 0
[id=2] [  0.572] recv HEADERS frame <length=8, flags=0x05, stream_id=113>
          ; END_STREAM | END_HEADERS
          (padlen=0)
          ; Open new stream
[id=2] [  0.572] send HEADERS frame <length=12, flags=0x04, stream_id=113>
          ; END_HEADERS
          (padlen=0)
          ; First response header
          :status: 200
          server: nghttpd nghttp2/1.70.0
          cache-control: max-age=3600
          date: Wed, 30 Sep 2026 14:23:53 GMT
          content-length: 256
          last-modified: Wed, 30 Sep 2026 14:23:53 GMT
          trailer: x-final
[id=2] [  0.572] send DATA frame <length=256, flags=0x00, stream_id=113>
[id=2] [  0.572] send HEADERS frame <length=1, flags=0x05, stream_id=113>
          ; END_STREAM | END_HEADERS
          (padlen=0)
          x-final: yes
[id=2] [  0.572] stream_id=113 closed
[id=2] [  0.572] recv (stream_id=115) :authority: localhost:63924
[id=2] [  0.572] recv (stream_id=115) :method: GET
[id=2] [  0.572] recv (stream_id=115) :path: /bytes
[id=2] [  0.572] recv (stream_id=115) :scheme: https
[id=2] [  0.572] recv (stream_id=115, sensitive) content-length: 0
[id=2] [  0.572] recv HEADERS frame <length=8, flags=0x05, stream_id=115>
          ; END_STREAM | END_HEADERS
          (padlen=0)
          ; Open new stream
[id=2] [  0.572] send HEADERS frame <length=12, flags=0x04, stream_id=115>
          ; END_HEADERS
          (padlen=0)
          ; First response header
          :status: 200
          server: nghttpd nghttp2/1.70.0
          cache-control: max-age=3600
          date: Wed, 30 Sep 2026 14:23:53 GMT
          content-length: 256
          last-modified: Wed, 30 Sep 2026 14:23:53 GMT
          trailer: x-final
[id=2] [  0.572] send DATA frame <length=256, flags=0x00, stream_id=115>
[id=2] [  0.572] send HEADERS frame <length=1, flags=0x05, stream_id=115>
          ; END_STREAM | END_HEADERS
          (padlen=0)
          x-final: yes
[id=2] [  0.572] stream_id=115 closed
[id=2] [  0.572] recv (stream_id=117) :authority: localhost:63924
[id=2] [  0.572] recv (stream_id=117) :method: GET
[id=2] [  0.572] recv (stream_id=117) :path: /bytes
[id=2] [  0.572] recv (stream_id=117) :scheme: https
[id=2] [  0.572] recv (stream_id=117, sensitive) content-length: 0
[id=2] [  0.572] recv HEADERS frame <length=8, flags=0x05, stream_id=117>
          ; END_STREAM | END_HEADERS
          (padlen=0)
          ; Open new stream
[id=2] [  0.572] send HEADERS frame <length=12, flags=0x04, stream_id=117>
          ; END_HEADERS
          (padlen=0)
          ; First response header
          :status: 200
          server: nghttpd nghttp2/1.70.0
          cache-control: max-age=3600
          date: Wed, 30 Sep 2026 14:23:53 GMT
          content-length: 256
          last-modified: Wed, 30 Sep 2026 14:23:53 GMT
          trailer: x-final
[id=2] [  0.572] send DATA frame <length=256, flags=0x00, stream_id=117>
[id=2] [  0.572] send HEADERS frame <length=1, flags=0x05, stream_id=117>
          ; END_STREAM | END_HEADERS
          (padlen=0)
          x-final: yes
[id=2] [  0.572] stream_id=117 closed
[id=2] [  0.572] recv (stream_id=119) :authority: localhost:63924
[id=2] [  0.572] recv (stream_id=119) :method: GET
[id=2] [  0.572] recv (stream_id=119) :path: /bytes
[id=2] [  0.572] recv (stream_id=119) :scheme: https
[id=2] [  0.572] recv (stream_id=119, sensitive) content-length: 0
[id=2] [  0.572] recv HEADERS frame <length=8, flags=0x05, stream_id=119>
          ; END_STREAM | END_HEADERS
          (padlen=0)
          ; Open new stream
[id=2] [  0.572] send HEADERS frame <length=12, flags=0x04, stream_id=119>
          ; END_HEADERS
          (padlen=0)
          ; First response header
          :status: 200
          server: nghttpd nghttp2/1.70.0
          cache-control: max-age=3600
          date: Wed, 30 Sep 2026 14:23:53 GMT
          content-length: 256
          last-modified: Wed, 30 Sep 2026 14:23:53 GMT
          trailer: x-final
[id=2] [  0.572] send DATA frame <length=256, flags=0x00, stream_id=119>
[id=2] [  0.572] send HEADERS frame <length=1, flags=0x05, stream_id=119>
          ; END_STREAM | END_HEADERS
          (padlen=0)
          x-final: yes
[id=2] [  0.572] stream_id=119 closed
[id=2] [  0.572] recv (stream_id=121) :authority: localhost:63924
[id=2] [  0.572] recv (stream_id=121) :method: GET
[id=2] [  0.572] recv (stream_id=121) :path: /bytes
[id=2] [  0.572] recv (stream_id=121) :scheme: https
[id=2] [  0.572] recv (stream_id=121, sensitive) content-length: 0
[id=2] [  0.572] recv HEADERS frame <length=8, flags=0x05, stream_id=121>
          ; END_STREAM | END_HEADERS
          (padlen=0)
          ; Open new stream
[id=2] [  0.572] send HEADERS frame <length=12, flags=0x04, stream_id=121>
          ; END_HEADERS
          (padlen=0)
          ; First response header
          :status: 200
          server: nghttpd nghttp2/1.70.0
          cache-control: max-age=3600
          date: Wed, 30 Sep 2026 14:23:53 GMT
          content-length: 256
          last-modified: Wed, 30 Sep 2026 14:23:53 GMT
          trailer: x-final
[id=2] [  0.572] send DATA frame <length=256, flags=0x00, stream_id=121>
[id=2] [  0.572] send HEADERS frame <length=1, flags=0x05, stream_id=121>
          ; END_STREAM | END_HEADERS
          (padlen=0)
          x-final: yes
[id=2] [  0.572] stream_id=121 closed
[id=2] [  0.572] recv (stream_id=123) :authority: localhost:63924
[id=2] [  0.572] recv (stream_id=123) :method: GET
[id=2] [  0.572] recv (stream_id=123) :path: /bytes
[id=2] [  0.572] recv (stream_id=123) :scheme: https
[id=2] [  0.572] recv (stream_id=123, sensitive) content-length: 0
[id=2] [  0.572] recv HEADERS frame <length=8, flags=0x05, stream_id=123>
          ; END_STREAM | END_HEADERS
          (padlen=0)
          ; Open new stream
[id=2] [  0.572] send HEADERS frame <length=12, flags=0x04, stream_id=123>
          ; END_HEADERS
          (padlen=0)
          ; First response header
          :status: 200
          server: nghttpd nghttp2/1.70.0
          cache-control: max-age=3600
          date: Wed, 30 Sep 2026 14:23:53 GMT
          content-length: 256
          last-modified: Wed, 30 Sep 2026 14:23:53 GMT
          trailer: x-final
[id=2] [  0.572] send DATA frame <length=256, flags=0x00, stream_id=123>
[id=2] [  0.572] send HEADERS frame <length=1, flags=0x05, stream_id=123>
          ; END_STREAM | END_HEADERS
          (padlen=0)
          x-final: yes
[id=2] [  0.572] stream_id=123 closed
[id=2] [  0.572] recv (stream_id=125) :authority: localhost:63924
[id=2] [  0.572] recv (stream_id=125) :method: GET
[id=2] [  0.572] recv (stream_id=125) :path: /bytes
[id=2] [  0.572] recv (stream_id=125) :scheme: https
[id=2] [  0.572] recv (stream_id=125, sensitive) content-length: 0
[id=2] [  0.572] recv HEADERS frame <length=8, flags=0x05, stream_id=125>
          ; END_STREAM | END_HEADERS
          (padlen=0)
          ; Open new stream
[id=2] [  0.572] send HEADERS frame <length=12, flags=0x04, stream_id=125>
          ; END_HEADERS
          (padlen=0)
          ; First response header
          :status: 200
          server: nghttpd nghttp2/1.70.0
          cache-control: max-age=3600
          date: Wed, 30 Sep 2026 14:23:53 GMT
          content-length: 256
          last-modified: Wed, 30 Sep 2026 14:23:53 GMT
          trailer: x-final
[id=2] [  0.572] send DATA frame <length=256, flags=0x00, stream_id=125>
[id=2] [  0.572] send HEADERS frame <length=1, flags=0x05, stream_id=125>
          ; END_STREAM | END_HEADERS
          (padlen=0)
          x-final: yes
[id=2] [  0.572] stream_id=125 closed
[id=2] [  0.572] recv (stream_id=127) :authority: localhost:63924
[id=2] [  0.572] recv (stream_id=127) :method: GET
[id=2] [  0.572] recv (stream_id=127) :path: /bytes
[id=2] [  0.572] recv (stream_id=127) :scheme: https
[id=2] [  0.572] recv (stream_id=127, sensitive) content-length: 0
[id=2] [  0.572] recv HEADERS frame <length=8, flags=0x05, stream_id=127>
          ; END_STREAM | END_HEADERS
          (padlen=0)
          ; Open new stream
[id=2] [  0.572] send HEADERS frame <length=12, flags=0x04, stream_id=127>
          ; END_HEADERS
          (padlen=0)
          ; First response header
          :status: 200
          server: nghttpd nghttp2/1.70.0
          cache-control: max-age=3600
          date: Wed, 30 Sep 2026 14:23:53 GMT
          content-length: 256
          last-modified: Wed, 30 Sep 2026 14:23:53 GMT
          trailer: x-final
[id=2] [  0.572] send DATA frame <length=256, flags=0x00, stream_id=127>
[id=2] [  0.572] send HEADERS frame <length=1, flags=0x05, stream_id=127>
          ; END_STREAM | END_HEADERS
          (padlen=0)
          x-final: yes
[id=2] [  0.572] stream_id=127 closed
[id=2] [  0.572] recv (stream_id=129) :authority: localhost:63924
[id=2] [  0.572] recv (stream_id=129) :method: GET
[id=2] [  0.572] recv (stream_id=129) :path: /bytes
[id=2] [  0.572] recv (stream_id=129) :scheme: https
[id=2] [  0.572] recv (stream_id=129, sensitive) content-length: 0
[id=2] [  0.572] recv HEADERS frame <length=8, flags=0x05, stream_id=129>
          ; END_STREAM | END_HEADERS
          (padlen=0)
          ; Open new stream
[id=2] [  0.573] send HEADERS frame <length=12, flags=0x04, stream_id=129>
          ; END_HEADERS
          (padlen=0)
          ; First response header
          :status: 200
          server: nghttpd nghttp2/1.70.0
          cache-control: max-age=3600
          date: Wed, 30 Sep 2026 14:23:53 GMT
          content-length: 256
          last-modified: Wed, 30 Sep 2026 14:23:53 GMT
          trailer: x-final
[id=2] [  0.573] send DATA frame <length=256, flags=0x00, stream_id=129>
[id=2] [  0.573] send HEADERS frame <length=1, flags=0x05, stream_id=129>
          ; END_STREAM | END_HEADERS
          (padlen=0)
          x-final: yes
[id=2] [  0.573] stream_id=129 closed
[id=2] [  0.573] recv (stream_id=131) :authority: localhost:63924
[id=2] [  0.573] recv (stream_id=131) :method: GET
[id=2] [  0.573] recv (stream_id=131) :path: /bytes
[id=2] [  0.573] recv (stream_id=131) :scheme: https
[id=2] [  0.573] recv (stream_id=131, sensitive) content-length: 0
[id=2] [  0.573] recv HEADERS frame <length=8, flags=0x05, stream_id=131>
          ; END_STREAM | END_HEADERS
          (padlen=0)
          ; Open new stream
[id=2] [  0.573] send HEADERS frame <length=12, flags=0x04, stream_id=131>
          ; END_HEADERS
          (padlen=0)
          ; First response header
          :status: 200
          server: nghttpd nghttp2/1.70.0
          cache-control: max-age=3600
          date: Wed, 30 Sep 2026 14:23:53 GMT
          content-length: 256
          last-modified: Wed, 30 Sep 2026 14:23:53 GMT
          trailer: x-final
[id=2] [  0.573] send DATA frame <length=256, flags=0x00, stream_id=131>
[id=2] [  0.573] send HEADERS frame <length=1, flags=0x05, stream_id=131>
          ; END_STREAM | END_HEADERS
          (padlen=0)
          x-final: yes
[id=2] [  0.573] stream_id=131 closed
[id=2] [  0.573] recv (stream_id=133) :authority: localhost:63924
[id=2] [  0.573] recv (stream_id=133) :method: GET
[id=2] [  0.573] recv (stream_id=133) :path: /bytes
[id=2] [  0.573] recv (stream_id=133) :scheme: https
[id=2] [  0.573] recv (stream_id=133, sensitive) content-length: 0
[id=2] [  0.573] recv HEADERS frame <length=8, flags=0x05, stream_id=133>
          ; END_STREAM | END_HEADERS
          (padlen=0)
          ; Open new stream
[id=2] [  0.573] send HEADERS frame <length=12, flags=0x04, stream_id=133>
          ; END_HEADERS
          (padlen=0)
          ; First response header
          :status: 200
          server: nghttpd nghttp2/1.70.0
          cache-control: max-age=3600
          date: Wed, 30 Sep 2026 14:23:53 GMT
          content-length: 256
          last-modified: Wed, 30 Sep 2026 14:23:53 GMT
          trailer: x-final
[id=2] [  0.573] send DATA frame <length=256, flags=0x00, stream_id=133>
[id=2] [  0.573] send HEADERS frame <length=1, flags=0x05, stream_id=133>
          ; END_STREAM | END_HEADERS
          (padlen=0)
          x-final: yes
[id=2] [  0.573] stream_id=133 closed
[id=2] [  0.573] recv (stream_id=135) :authority: localhost:63924
[id=2] [  0.573] recv (stream_id=135) :method: GET
[id=2] [  0.573] recv (stream_id=135) :path: /bytes
[id=2] [  0.573] recv (stream_id=135) :scheme: https
[id=2] [  0.573] recv (stream_id=135, sensitive) content-length: 0
[id=2] [  0.573] recv HEADERS frame <length=8, flags=0x05, stream_id=135>
          ; END_STREAM | END_HEADERS
          (padlen=0)
          ; Open new stream
[id=2] [  0.573] send HEADERS frame <length=12, flags=0x04, stream_id=135>
          ; END_HEADERS
          (padlen=0)
          ; First response header
          :status: 200
          server: nghttpd nghttp2/1.70.0
          cache-control: max-age=3600
          date: Wed, 30 Sep 2026 14:23:53 GMT
          content-length: 256
          last-modified: Wed, 30 Sep 2026 14:23:53 GMT
          trailer: x-final
[id=2] [  0.573] send DATA frame <length=256, flags=0x00, stream_id=135>
[id=2] [  0.573] send HEADERS frame <length=1, flags=0x05, stream_id=135>
          ; END_STREAM | END_HEADERS
          (padlen=0)
          x-final: yes
[id=2] [  0.573] stream_id=135 closed
[id=2] [  0.573] recv (stream_id=137) :authority: localhost:63924
[id=2] [  0.573] recv (stream_id=137) :method: GET
[id=2] [  0.573] recv (stream_id=137) :path: /bytes
[id=2] [  0.573] recv (stream_id=137) :scheme: https
[id=2] [  0.573] recv (stream_id=137, sensitive) content-length: 0
[id=2] [  0.573] recv HEADERS frame <length=8, flags=0x05, stream_id=137>
          ; END_STREAM | END_HEADERS
          (padlen=0)
          ; Open new stream
[id=2] [  0.573] send HEADERS frame <length=12, flags=0x04, stream_id=137>
          ; END_HEADERS
          (padlen=0)
          ; First response header
          :status: 200
          server: nghttpd nghttp2/1.70.0
          cache-control: max-age=3600
          date: Wed, 30 Sep 2026 14:23:53 GMT
          content-length: 256
          last-modified: Wed, 30 Sep 2026 14:23:53 GMT
          trailer: x-final
[id=2] [  0.573] send DATA frame <length=256, flags=0x00, stream_id=137>
[id=2] [  0.573] send HEADERS frame <length=1, flags=0x05, stream_id=137>
          ; END_STREAM | END_HEADERS
          (padlen=0)
          x-final: yes
[id=2] [  0.573] stream_id=137 closed
[id=2] [  0.573] recv (stream_id=139) :authority: localhost:63924
[id=2] [  0.573] recv (stream_id=139) :method: GET
[id=2] [  0.573] recv (stream_id=139) :path: /bytes
[id=2] [  0.573] recv (stream_id=139) :scheme: https
[id=2] [  0.573] recv (stream_id=139, sensitive) content-length: 0
[id=2] [  0.573] recv HEADERS frame <length=8, flags=0x05, stream_id=139>
          ; END_STREAM | END_HEADERS
          (padlen=0)
          ; Open new stream
[id=2] [  0.573] send HEADERS frame <length=12, flags=0x04, stream_id=139>
          ; END_HEADERS
          (padlen=0)
          ; First response header
          :status: 200
          server: nghttpd nghttp2/1.70.0
          cache-control: max-age=3600
          date: Wed, 30 Sep 2026 14:23:53 GMT
          content-length: 256
          last-modified: Wed, 30 Sep 2026 14:23:53 GMT
          trailer: x-final
[id=2] [  0.573] send DATA frame <length=256, flags=0x00, stream_id=139>
[id=2] [  0.573] send HEADERS frame <length=1, flags=0x05, stream_id=139>
          ; END_STREAM | END_HEADERS
          (padlen=0)
          x-final: yes
[id=2] [  0.573] stream_id=139 closed
[id=2] [  0.573] recv (stream_id=141) :authority: localhost:63924
[id=2] [  0.573] recv (stream_id=141) :method: GET
[id=2] [  0.573] recv (stream_id=141) :path: /bytes
[id=2] [  0.573] recv (stream_id=141) :scheme: https
[id=2] [  0.573] recv (stream_id=141, sensitive) content-length: 0
[id=2] [  0.573] recv HEADERS frame <length=8, flags=0x05, stream_id=141>
          ; END_STREAM | END_HEADERS
          (padlen=0)
          ; Open new stream
[id=2] [  0.573] send HEADERS frame <length=12, flags=0x04, stream_id=141>
          ; END_HEADERS
          (padlen=0)
          ; First response header
          :status: 200
          server: nghttpd nghttp2/1.70.0
          cache-control: max-age=3600
          date: Wed, 30 Sep 2026 14:23:53 GMT
          content-length: 256
          last-modified: Wed, 30 Sep 2026 14:23:53 GMT
          trailer: x-final
[id=2] [  0.573] send DATA frame <length=256, flags=0x00, stream_id=141>
[id=2] [  0.573] send HEADERS frame <length=1, flags=0x05, stream_id=141>
          ; END_STREAM | END_HEADERS
          (padlen=0)
          x-final: yes
[id=2] [  0.573] stream_id=141 closed
[id=2] [  0.573] recv (stream_id=143) :authority: localhost:63924
[id=2] [  0.573] recv (stream_id=143) :method: GET
[id=2] [  0.573] recv (stream_id=143) :path: /bytes
[id=2] [  0.573] recv (stream_id=143) :scheme: https
[id=2] [  0.573] recv (stream_id=143, sensitive) content-length: 0
[id=2] [  0.573] recv HEADERS frame <length=8, flags=0x05, stream_id=143>
          ; END_STREAM | END_HEADERS
          (padlen=0)
          ; Open new stream
[id=2] [  0.573] send HEADERS frame <length=12, flags=0x04, stream_id=143>
          ; END_HEADERS
          (padlen=0)
          ; First response header
          :status: 200
          server: nghttpd nghttp2/1.70.0
          cache-control: max-age=3600
          date: Wed, 30 Sep 2026 14:23:53 GMT
          content-length: 256
          last-modified: Wed, 30 Sep 2026 14:23:53 GMT
          trailer: x-final
[id=2] [  0.573] send DATA frame <length=256, flags=0x00, stream_id=143>
[id=2] [  0.573] send HEADERS frame <length=1, flags=0x05, stream_id=143>
          ; END_STREAM | END_HEADERS
          (padlen=0)
          x-final: yes
[id=2] [  0.573] stream_id=143 closed
[id=2] [  0.573] recv (stream_id=145) :authority: localhost:63924
[id=2] [  0.573] recv (stream_id=145) :method: GET
[id=2] [  0.573] recv (stream_id=145) :path: /bytes
[id=2] [  0.573] recv (stream_id=145) :scheme: https
[id=2] [  0.573] recv (stream_id=145, sensitive) content-length: 0
[id=2] [  0.573] recv HEADERS frame <length=8, flags=0x05, stream_id=145>
          ; END_STREAM | END_HEADERS
          (padlen=0)
          ; Open new stream
[id=2] [  0.573] send HEADERS frame <length=12, flags=0x04, stream_id=145>
          ; END_HEADERS
          (padlen=0)
          ; First response header
          :status: 200
          server: nghttpd nghttp2/1.70.0
          cache-control: max-age=3600
          date: Wed, 30 Sep 2026 14:23:53 GMT
          content-length: 256
          last-modified: Wed, 30 Sep 2026 14:23:53 GMT
          trailer: x-final
[id=2] [  0.573] send DATA frame <length=256, flags=0x00, stream_id=145>
[id=2] [  0.573] send HEADERS frame <length=1, flags=0x05, stream_id=145>
          ; END_STREAM | END_HEADERS
          (padlen=0)
          x-final: yes
[id=2] [  0.573] stream_id=145 closed
[id=2] [  0.573] recv (stream_id=147) :authority: localhost:63924
[id=2] [  0.573] recv (stream_id=147) :method: GET
[id=2] [  0.573] recv (stream_id=147) :path: /bytes
[id=2] [  0.573] recv (stream_id=147) :scheme: https
[id=2] [  0.573] recv (stream_id=147, sensitive) content-length: 0
[id=2] [  0.573] recv HEADERS frame <length=8, flags=0x05, stream_id=147>
          ; END_STREAM | END_HEADERS
          (padlen=0)
          ; Open new stream
[id=2] [  0.573] send HEADERS frame <length=12, flags=0x04, stream_id=147>
          ; END_HEADERS
          (padlen=0)
          ; First response header
          :status: 200
          server: nghttpd nghttp2/1.70.0
          cache-control: max-age=3600
          date: Wed, 30 Sep 2026 14:23:53 GMT
          content-length: 256
          last-modified: Wed, 30 Sep 2026 14:23:53 GMT
          trailer: x-final
[id=2] [  0.573] send DATA frame <length=256, flags=0x00, stream_id=147>
[id=2] [  0.573] send HEADERS frame <length=1, flags=0x05, stream_id=147>
          ; END_STREAM | END_HEADERS
          (padlen=0)
          x-final: yes
[id=2] [  0.573] stream_id=147 closed
[id=2] [  0.573] recv (stream_id=149) :authority: localhost:63924
[id=2] [  0.573] recv (stream_id=149) :method: GET
[id=2] [  0.573] recv (stream_id=149) :path: /bytes
[id=2] [  0.573] recv (stream_id=149) :scheme: https
[id=2] [  0.573] recv (stream_id=149, sensitive) content-length: 0
[id=2] [  0.573] recv HEADERS frame <length=8, flags=0x05, stream_id=149>
          ; END_STREAM | END_HEADERS
          (padlen=0)
          ; Open new stream
[id=2] [  0.573] send HEADERS frame <length=12, flags=0x04, stream_id=149>
          ; END_HEADERS
          (padlen=0)
          ; First response header
          :status: 200
          server: nghttpd nghttp2/1.70.0
          cache-control: max-age=3600
          date: Wed, 30 Sep 2026 14:23:53 GMT
          content-length: 256
          last-modified: Wed, 30 Sep 2026 14:23:53 GMT
          trailer: x-final
[id=2] [  0.573] send DATA frame <length=256, flags=0x00, stream_id=149>
[id=2] [  0.573] send HEADERS frame <length=1, flags=0x05, stream_id=149>
          ; END_STREAM | END_HEADERS
          (padlen=0)
          x-final: yes
[id=2] [  0.573] stream_id=149 closed
[id=2] [  0.573] recv (stream_id=151) :authority: localhost:63924
[id=2] [  0.573] recv (stream_id=151) :method: GET
[id=2] [  0.573] recv (stream_id=151) :path: /bytes
[id=2] [  0.573] recv (stream_id=151) :scheme: https
[id=2] [  0.573] recv (stream_id=151, sensitive) content-length: 0
[id=2] [  0.573] recv HEADERS frame <length=8, flags=0x05, stream_id=151>
          ; END_STREAM | END_HEADERS
          (padlen=0)
          ; Open new stream
[id=2] [  0.573] send HEADERS frame <length=12, flags=0x04, stream_id=151>
          ; END_HEADERS
          (padlen=0)
          ; First response header
          :status: 200
          server: nghttpd nghttp2/1.70.0
          cache-control: max-age=3600
          date: Wed, 30 Sep 2026 14:23:53 GMT
          content-length: 256
          last-modified: Wed, 30 Sep 2026 14:23:53 GMT
          trailer: x-final
[id=2] [  0.573] send DATA frame <length=256, flags=0x00, stream_id=151>
[id=2] [  0.573] send HEADERS frame <length=1, flags=0x05, stream_id=151>
          ; END_STREAM | END_HEADERS
          (padlen=0)
          x-final: yes
[id=2] [  0.573] stream_id=151 closed
[id=2] [  0.573] recv (stream_id=153) :authority: localhost:63924
[id=2] [  0.573] recv (stream_id=153) :method: GET
[id=2] [  0.573] recv (stream_id=153) :path: /bytes
[id=2] [  0.573] recv (stream_id=153) :scheme: https
[id=2] [  0.573] recv (stream_id=153, sensitive) content-length: 0
[id=2] [  0.573] recv HEADERS frame <length=8, flags=0x05, stream_id=153>
          ; END_STREAM | END_HEADERS
          (padlen=0)
          ; Open new stream
[id=2] [  0.573] send HEADERS frame <length=12, flags=0x04, stream_id=153>
          ; END_HEADERS
          (padlen=0)
          ; First response header
          :status: 200
          server: nghttpd nghttp2/1.70.0
          cache-control: max-age=3600
          date: Wed, 30 Sep 2026 14:23:53 GMT
          content-length: 256
          last-modified: Wed, 30 Sep 2026 14:23:53 GMT
          trailer: x-final
[id=2] [  0.573] send DATA frame <length=256, flags=0x00, stream_id=153>
[id=2] [  0.573] send HEADERS frame <length=1, flags=0x05, stream_id=153>
          ; END_STREAM | END_HEADERS
          (padlen=0)
          x-final: yes
[id=2] [  0.573] stream_id=153 closed
[id=2] [  0.573] recv (stream_id=155) :authority: localhost:63924
[id=2] [  0.573] recv (stream_id=155) :method: GET
[id=2] [  0.573] recv (stream_id=155) :path: /bytes
[id=2] [  0.573] recv (stream_id=155) :scheme: https
[id=2] [  0.573] recv (stream_id=155, sensitive) content-length: 0
[id=2] [  0.573] recv HEADERS frame <length=8, flags=0x05, stream_id=155>
          ; END_STREAM | END_HEADERS
          (padlen=0)
          ; Open new stream
[id=2] [  0.573] send HEADERS frame <length=12, flags=0x04, stream_id=155>
          ; END_HEADERS
          (padlen=0)
          ; First response header
          :status: 200
          server: nghttpd nghttp2/1.70.0
          cache-control: max-age=3600
          date: Wed, 30 Sep 2026 14:23:53 GMT
          content-length: 256
          last-modified: Wed, 30 Sep 2026 14:23:53 GMT
          trailer: x-final
[id=2] [  0.573] send DATA frame <length=256, flags=0x00, stream_id=155>
[id=2] [  0.573] send HEADERS frame <length=1, flags=0x05, stream_id=155>
          ; END_STREAM | END_HEADERS
          (padlen=0)
          x-final: yes
[id=2] [  0.573] stream_id=155 closed
[id=2] [  0.573] recv (stream_id=157) :authority: localhost:63924
[id=2] [  0.574] recv (stream_id=157) :method: GET
[id=2] [  0.574] recv (stream_id=157) :path: /bytes
[id=2] [  0.574] recv (stream_id=157) :scheme: https
[id=2] [  0.574] recv (stream_id=157, sensitive) content-length: 0
[id=2] [  0.574] recv HEADERS frame <length=8, flags=0x05, stream_id=157>
          ; END_STREAM | END_HEADERS
          (padlen=0)
          ; Open new stream
[id=2] [  0.574] send HEADERS frame <length=12, flags=0x04, stream_id=157>
          ; END_HEADERS
          (padlen=0)
          ; First response header
          :status: 200
          server: nghttpd nghttp2/1.70.0
          cache-control: max-age=3600
          date: Wed, 30 Sep 2026 14:23:53 GMT
          content-length: 256
          last-modified: Wed, 30 Sep 2026 14:23:53 GMT
          trailer: x-final
[id=2] [  0.574] send DATA frame <length=256, flags=0x00, stream_id=157>
[id=2] [  0.574] send HEADERS frame <length=1, flags=0x05, stream_id=157>
          ; END_STREAM | END_HEADERS
          (padlen=0)
          x-final: yes
[id=2] [  0.574] stream_id=157 closed
[id=2] [  0.574] recv (stream_id=159) :authority: localhost:63924
[id=2] [  0.574] recv (stream_id=159) :method: GET
[id=2] [  0.574] recv (stream_id=159) :path: /bytes
[id=2] [  0.574] recv (stream_id=159) :scheme: https
[id=2] [  0.574] recv (stream_id=159, sensitive) content-length: 0
[id=2] [  0.574] recv HEADERS frame <length=8, flags=0x05, stream_id=159>
          ; END_STREAM | END_HEADERS
          (padlen=0)
          ; Open new stream
[id=2] [  0.574] send HEADERS frame <length=12, flags=0x04, stream_id=159>
          ; END_HEADERS
          (padlen=0)
          ; First response header
          :status: 200
          server: nghttpd nghttp2/1.70.0
          cache-control: max-age=3600
          date: Wed, 30 Sep 2026 14:23:53 GMT
          content-length: 256
          last-modified: Wed, 30 Sep 2026 14:23:53 GMT
          trailer: x-final
[id=2] [  0.574] send DATA frame <length=256, flags=0x00, stream_id=159>
[id=2] [  0.574] send HEADERS frame <length=1, flags=0x05, stream_id=159>
          ; END_STREAM | END_HEADERS
          (padlen=0)
          x-final: yes
[id=2] [  0.574] stream_id=159 closed
[id=2] [  0.574] recv (stream_id=161) :authority: localhost:63924
[id=2] [  0.574] recv (stream_id=161) :method: GET
[id=2] [  0.574] recv (stream_id=161) :path: /bytes
[id=2] [  0.574] recv (stream_id=161) :scheme: https
[id=2] [  0.574] recv (stream_id=161, sensitive) content-length: 0
[id=2] [  0.574] recv HEADERS frame <length=8, flags=0x05, stream_id=161>
          ; END_STREAM | END_HEADERS
          (padlen=0)
          ; Open new stream
[id=2] [  0.574] send HEADERS frame <length=12, flags=0x04, stream_id=161>
          ; END_HEADERS
          (padlen=0)
          ; First response header
          :status: 200
          server: nghttpd nghttp2/1.70.0
          cache-control: max-age=3600
          date: Wed, 30 Sep 2026 14:23:53 GMT
          content-length: 256
          last-modified: Wed, 30 Sep 2026 14:23:53 GMT
          trailer: x-final
[id=2] [  0.574] send DATA frame <length=256, flags=0x00, stream_id=161>
[id=2] [  0.574] send HEADERS frame <length=1, flags=0x05, stream_id=161>
          ; END_STREAM | END_HEADERS
          (padlen=0)
          x-final: yes
[id=2] [  0.574] stream_id=161 closed
[id=2] [  0.574] recv (stream_id=163) :authority: localhost:63924
[id=2] [  0.574] recv (stream_id=163) :method: GET
[id=2] [  0.574] recv (stream_id=163) :path: /bytes
[id=2] [  0.574] recv (stream_id=163) :scheme: https
[id=2] [  0.574] recv (stream_id=163, sensitive) content-length: 0
[id=2] [  0.574] recv HEADERS frame <length=8, flags=0x05, stream_id=163>
          ; END_STREAM | END_HEADERS
          (padlen=0)
          ; Open new stream
[id=2] [  0.574] send HEADERS frame <length=12, flags=0x04, stream_id=163>
          ; END_HEADERS
          (padlen=0)
          ; First response header
          :status: 200
          server: nghttpd nghttp2/1.70.0
          cache-control: max-age=3600
          date: Wed, 30 Sep 2026 14:23:53 GMT
          content-length: 256
          last-modified: Wed, 30 Sep 2026 14:23:53 GMT
          trailer: x-final
[id=2] [  0.574] send DATA frame <length=256, flags=0x00, stream_id=163>
[id=2] [  0.574] send HEADERS frame <length=1, flags=0x05, stream_id=163>
          ; END_STREAM | END_HEADERS
          (padlen=0)
          x-final: yes
[id=2] [  0.574] stream_id=163 closed
[id=2] [  0.574] recv (stream_id=165) :authority: localhost:63924
[id=2] [  0.574] recv (stream_id=165) :method: GET
[id=2] [  0.574] recv (stream_id=165) :path: /bytes
[id=2] [  0.574] recv (stream_id=165) :scheme: https
[id=2] [  0.574] recv (stream_id=165, sensitive) content-length: 0
[id=2] [  0.574] recv HEADERS frame <length=8, flags=0x05, stream_id=165>
          ; END_STREAM | END_HEADERS
          (padlen=0)
          ; Open new stream
[id=2] [  0.574] send HEADERS frame <length=12, flags=0x04, stream_id=165>
          ; END_HEADERS
          (padlen=0)
          ; First response header
          :status: 200
          server: nghttpd nghttp2/1.70.0
          cache-control: max-age=3600
          date: Wed, 30 Sep 2026 14:23:53 GMT
          content-length: 256
          last-modified: Wed, 30 Sep 2026 14:23:53 GMT
          trailer: x-final
[id=2] [  0.574] send DATA frame <length=256, flags=0x00, stream_id=165>
[id=2] [  0.574] send HEADERS frame <length=1, flags=0x05, stream_id=165>
          ; END_STREAM | END_HEADERS
          (padlen=0)
          x-final: yes
[id=2] [  0.574] stream_id=165 closed
[id=2] [  0.574] recv (stream_id=167) :authority: localhost:63924
[id=2] [  0.574] recv (stream_id=167) :method: GET
[id=2] [  0.574] recv (stream_id=167) :path: /bytes
[id=2] [  0.574] recv (stream_id=167) :scheme: https
[id=2] [  0.574] recv (stream_id=167, sensitive) content-length: 0
[id=2] [  0.574] recv HEADERS frame <length=8, flags=0x05, stream_id=167>
          ; END_STREAM | END_HEADERS
          (padlen=0)
          ; Open new stream
[id=2] [  0.574] send HEADERS frame <length=12, flags=0x04, stream_id=167>
          ; END_HEADERS
          (padlen=0)
          ; First response header
          :status: 200
          server: nghttpd nghttp2/1.70.0
          cache-control: max-age=3600
          date: Wed, 30 Sep 2026 14:23:53 GMT
          content-length: 256
          last-modified: Wed, 30 Sep 2026 14:23:53 GMT
          trailer: x-final
[id=2] [  0.574] send DATA frame <length=256, flags=0x00, stream_id=167>
[id=2] [  0.574] send HEADERS frame <length=1, flags=0x05, stream_id=167>
          ; END_STREAM | END_HEADERS
          (padlen=0)
          x-final: yes
[id=2] [  0.574] stream_id=167 closed
[id=2] [  0.574] recv (stream_id=169) :authority: localhost:63924
[id=2] [  0.574] recv (stream_id=169) :method: GET
[id=2] [  0.574] recv (stream_id=169) :path: /bytes
[id=2] [  0.574] recv (stream_id=169) :scheme: https
[id=2] [  0.574] recv (stream_id=169, sensitive) content-length: 0
[id=2] [  0.574] recv HEADERS frame <length=8, flags=0x05, stream_id=169>
          ; END_STREAM | END_HEADERS
          (padlen=0)
          ; Open new stream
[id=2] [  0.574] send HEADERS frame <length=12, flags=0x04, stream_id=169>
          ; END_HEADERS
          (padlen=0)
          ; First response header
          :status: 200
          server: nghttpd nghttp2/1.70.0
          cache-control: max-age=3600
          date: Wed, 30 Sep 2026 14:23:53 GMT
          content-length: 256
          last-modified: Wed, 30 Sep 2026 14:23:53 GMT
          trailer: x-final
[id=2] [  0.574] send DATA frame <length=256, flags=0x00, stream_id=169>
[id=2] [  0.574] send HEADERS frame <length=1, flags=0x05, stream_id=169>
          ; END_STREAM | END_HEADERS
          (padlen=0)
          x-final: yes
[id=2] [  0.574] stream_id=169 closed
[id=2] [  0.574] recv (stream_id=171) :authority: localhost:63924
[id=2] [  0.574] recv (stream_id=171) :method: GET
[id=2] [  0.574] recv (stream_id=171) :path: /bytes
[id=2] [  0.574] recv (stream_id=171) :scheme: https
[id=2] [  0.574] recv (stream_id=171, sensitive) content-length: 0
[id=2] [  0.574] recv HEADERS frame <length=8, flags=0x05, stream_id=171>
          ; END_STREAM | END_HEADERS
          (padlen=0)
          ; Open new stream
[id=2] [  0.574] send HEADERS frame <length=12, flags=0x04, stream_id=171>
          ; END_HEADERS
          (padlen=0)
          ; First response header
          :status: 200
          server: nghttpd nghttp2/1.70.0
          cache-control: max-age=3600
          date: Wed, 30 Sep 2026 14:23:53 GMT
          content-length: 256
          last-modified: Wed, 30 Sep 2026 14:23:53 GMT
          trailer: x-final
[id=2] [  0.574] send DATA frame <length=256, flags=0x00, stream_id=171>
[id=2] [  0.574] send HEADERS frame <length=1, flags=0x05, stream_id=171>
          ; END_STREAM | END_HEADERS
          (padlen=0)
          x-final: yes
[id=2] [  0.574] stream_id=171 closed
[id=2] [  0.574] recv (stream_id=173) :authority: localhost:63924
[id=2] [  0.574] recv (stream_id=173) :method: GET
[id=2] [  0.574] recv (stream_id=173) :path: /bytes
[id=2] [  0.574] recv (stream_id=173) :scheme: https
[id=2] [  0.574] recv (stream_id=173, sensitive) content-length: 0
[id=2] [  0.574] recv HEADERS frame <length=8, flags=0x05, stream_id=173>
          ; END_STREAM | END_HEADERS
          (padlen=0)
          ; Open new stream
[id=2] [  0.574] send HEADERS frame <length=12, flags=0x04, stream_id=173>
          ; END_HEADERS
          (padlen=0)
          ; First response header
          :status: 200
          server: nghttpd nghttp2/1.70.0
          cache-control: max-age=3600
          date: Wed, 30 Sep 2026 14:23:53 GMT
          content-length: 256
          last-modified: Wed, 30 Sep 2026 14:23:53 GMT
          trailer: x-final
[id=2] [  0.574] send DATA frame <length=256, flags=0x00, stream_id=173>
[id=2] [  0.574] send HEADERS frame <length=1, flags=0x05, stream_id=173>
          ; END_STREAM | END_HEADERS
          (padlen=0)
          x-final: yes
[id=2] [  0.574] stream_id=173 closed
[id=2] [  0.574] recv (stream_id=175) :authority: localhost:63924
[id=2] [  0.574] recv (stream_id=175) :method: GET
[id=2] [  0.574] recv (stream_id=175) :path: /bytes
[id=2] [  0.574] recv (stream_id=175) :scheme: https
[id=2] [  0.574] recv (stream_id=175, sensitive) content-length: 0
[id=2] [  0.574] recv HEADERS frame <length=8, flags=0x05, stream_id=175>
          ; END_STREAM | END_HEADERS
          (padlen=0)
          ; Open new stream
[id=2] [  0.574] send HEADERS frame <length=12, flags=0x04, stream_id=175>
          ; END_HEADERS
          (padlen=0)
          ; First response header
          :status: 200
          server: nghttpd nghttp2/1.70.0
          cache-control: max-age=3600
          date: Wed, 30 Sep 2026 14:23:53 GMT
          content-length: 256
          last-modified: Wed, 30 Sep 2026 14:23:53 GMT
          trailer: x-final
[id=2] [  0.574] send DATA frame <length=256, flags=0x00, stream_id=175>
[id=2] [  0.574] send HEADERS frame <length=1, flags=0x05, stream_id=175>
          ; END_STREAM | END_HEADERS
          (padlen=0)
          x-final: yes
[id=2] [  0.574] stream_id=175 closed
[id=2] [  0.574] recv (stream_id=177) :authority: localhost:63924
[id=2] [  0.574] recv (stream_id=177) :method: GET
[id=2] [  0.574] recv (stream_id=177) :path: /bytes
[id=2] [  0.574] recv (stream_id=177) :scheme: https
[id=2] [  0.574] recv (stream_id=177, sensitive) content-length: 0
[id=2] [  0.574] recv HEADERS frame <length=8, flags=0x05, stream_id=177>
          ; END_STREAM | END_HEADERS
          (padlen=0)
          ; Open new stream
[id=2] [  0.574] send HEADERS frame <length=12, flags=0x04, stream_id=177>
          ; END_HEADERS
          (padlen=0)
          ; First response header
          :status: 200
          server: nghttpd nghttp2/1.70.0
          cache-control: max-age=3600
          date: Wed, 30 Sep 2026 14:23:53 GMT
          content-length: 256
          last-modified: Wed, 30 Sep 2026 14:23:53 GMT
          trailer: x-final
[id=2] [  0.574] send DATA frame <length=256, flags=0x00, stream_id=177>
[id=2] [  0.574] send HEADERS frame <length=1, flags=0x05, stream_id=177>
          ; END_STREAM | END_HEADERS
          (padlen=0)
          x-final: yes
[id=2] [  0.574] stream_id=177 closed
[id=2] [  0.574] recv (stream_id=179) :authority: localhost:63924
[id=2] [  0.574] recv (stream_id=179) :method: GET
[id=2] [  0.574] recv (stream_id=179) :path: /bytes
[id=2] [  0.574] recv (stream_id=179) :scheme: https
[id=2] [  0.574] recv (stream_id=179, sensitive) content-length: 0
[id=2] [  0.574] recv HEADERS frame <length=8, flags=0x05, stream_id=179>
          ; END_STREAM | END_HEADERS
          (padlen=0)
          ; Open new stream
[id=2] [  0.574] send HEADERS frame <length=12, flags=0x04, stream_id=179>
          ; END_HEADERS
          (padlen=0)
          ; First response header
          :status: 200
          server: nghttpd nghttp2/1.70.0
          cache-control: max-age=3600
          date: Wed, 30 Sep 2026 14:23:53 GMT
          content-length: 256
          last-modified: Wed, 30 Sep 2026 14:23:53 GMT
          trailer: x-final
[id=2] [  0.574] send DATA frame <length=256, flags=0x00, stream_id=179>
[id=2] [  0.574] send HEADERS frame <length=1, flags=0x05, stream_id=179>
          ; END_STREAM | END_HEADERS
          (padlen=0)
          x-final: yes
[id=2] [  0.574] stream_id=179 closed
[id=2] [  0.575] recv (stream_id=181) :authority: localhost:63924
[id=2] [  0.575] recv (stream_id=181) :method: GET
[id=2] [  0.575] recv (stream_id=181) :path: /bytes
[id=2] [  0.575] recv (stream_id=181) :scheme: https
[id=2] [  0.575] recv (stream_id=181, sensitive) content-length: 0
[id=2] [  0.575] recv HEADERS frame <length=8, flags=0x05, stream_id=181>
          ; END_STREAM | END_HEADERS
          (padlen=0)
          ; Open new stream
[id=2] [  0.575] send HEADERS frame <length=12, flags=0x04, stream_id=181>
          ; END_HEADERS
          (padlen=0)
          ; First response header
          :status: 200
          server: nghttpd nghttp2/1.70.0
          cache-control: max-age=3600
          date: Wed, 30 Sep 2026 14:23:53 GMT
          content-length: 256
          last-modified: Wed, 30 Sep 2026 14:23:53 GMT
          trailer: x-final
[id=2] [  0.575] send DATA frame <length=256, flags=0x00, stream_id=181>
[id=2] [  0.575] send HEADERS frame <length=1, flags=0x05, stream_id=181>
          ; END_STREAM | END_HEADERS
          (padlen=0)
          x-final: yes
[id=2] [  0.575] stream_id=181 closed
[id=2] [  0.575] recv (stream_id=183) :authority: localhost:63924
[id=2] [  0.575] recv (stream_id=183) :method: GET
[id=2] [  0.575] recv (stream_id=183) :path: /bytes
[id=2] [  0.575] recv (stream_id=183) :scheme: https
[id=2] [  0.575] recv (stream_id=183, sensitive) content-length: 0
[id=2] [  0.575] recv HEADERS frame <length=8, flags=0x05, stream_id=183>
          ; END_STREAM | END_HEADERS
          (padlen=0)
          ; Open new stream
[id=2] [  0.575] send HEADERS frame <length=12, flags=0x04, stream_id=183>
          ; END_HEADERS
          (padlen=0)
          ; First response header
          :status: 200
          server: nghttpd nghttp2/1.70.0
          cache-control: max-age=3600
          date: Wed, 30 Sep 2026 14:23:53 GMT
          content-length: 256
          last-modified: Wed, 30 Sep 2026 14:23:53 GMT
          trailer: x-final
[id=2] [  0.575] send DATA frame <length=256, flags=0x00, stream_id=183>
[id=2] [  0.575] send HEADERS frame <length=1, flags=0x05, stream_id=183>
          ; END_STREAM | END_HEADERS
          (padlen=0)
          x-final: yes
[id=2] [  0.575] stream_id=183 closed
[id=2] [  0.575] recv (stream_id=185) :authority: localhost:63924
[id=2] [  0.575] recv (stream_id=185) :method: GET
[id=2] [  0.575] recv (stream_id=185) :path: /bytes
[id=2] [  0.575] recv (stream_id=185) :scheme: https
[id=2] [  0.575] recv (stream_id=185, sensitive) content-length: 0
[id=2] [  0.575] recv HEADERS frame <length=8, flags=0x05, stream_id=185>
          ; END_STREAM | END_HEADERS
          (padlen=0)
          ; Open new stream
[id=2] [  0.575] send HEADERS frame <length=12, flags=0x04, stream_id=185>
          ; END_HEADERS
          (padlen=0)
          ; First response header
          :status: 200
          server: nghttpd nghttp2/1.70.0
          cache-control: max-age=3600
          date: Wed, 30 Sep 2026 14:23:53 GMT
          content-length: 256
          last-modified: Wed, 30 Sep 2026 14:23:53 GMT
          trailer: x-final
[id=2] [  0.575] send DATA frame <length=256, flags=0x00, stream_id=185>
[id=2] [  0.575] send HEADERS frame <length=1, flags=0x05, stream_id=185>
          ; END_STREAM | END_HEADERS
          (padlen=0)
          x-final: yes
[id=2] [  0.575] stream_id=185 closed
[id=2] [  0.575] recv (stream_id=187) :authority: localhost:63924
[id=2] [  0.575] recv (stream_id=187) :method: GET
[id=2] [  0.575] recv (stream_id=187) :path: /bytes
[id=2] [  0.575] recv (stream_id=187) :scheme: https
[id=2] [  0.575] recv (stream_id=187, sensitive) content-length: 0
[id=2] [  0.575] recv HEADERS frame <length=8, flags=0x05, stream_id=187>
          ; END_STREAM | END_HEADERS
          (padlen=0)
          ; Open new stream
[id=2] [  0.575] send HEADERS frame <length=12, flags=0x04, stream_id=187>
          ; END_HEADERS
          (padlen=0)
          ; First response header
          :status: 200
          server: nghttpd nghttp2/1.70.0
          cache-control: max-age=3600
          date: Wed, 30 Sep 2026 14:23:53 GMT
          content-length: 256
          last-modified: Wed, 30 Sep 2026 14:23:53 GMT
          trailer: x-final
[id=2] [  0.575] send DATA frame <length=256, flags=0x00, stream_id=187>
[id=2] [  0.575] send HEADERS frame <length=1, flags=0x05, stream_id=187>
          ; END_STREAM | END_HEADERS
          (padlen=0)
          x-final: yes
[id=2] [  0.575] stream_id=187 closed
[id=2] [  0.575] recv (stream_id=189) :authority: localhost:63924
[id=2] [  0.575] recv (stream_id=189) :method: GET
[id=2] [  0.575] recv (stream_id=189) :path: /bytes
[id=2] [  0.575] recv (stream_id=189) :scheme: https
[id=2] [  0.575] recv (stream_id=189, sensitive) content-length: 0
[id=2] [  0.575] recv HEADERS frame <length=8, flags=0x05, stream_id=189>
          ; END_STREAM | END_HEADERS
          (padlen=0)
          ; Open new stream
[id=2] [  0.575] send HEADERS frame <length=12, flags=0x04, stream_id=189>
          ; END_HEADERS
          (padlen=0)
          ; First response header
          :status: 200
          server: nghttpd nghttp2/1.70.0
          cache-control: max-age=3600
          date: Wed, 30 Sep 2026 14:23:53 GMT
          content-length: 256
          last-modified: Wed, 30 Sep 2026 14:23:53 GMT
          trailer: x-final
[id=2] [  0.575] send DATA frame <length=256, flags=0x00, stream_id=189>
[id=2] [  0.575] send HEADERS frame <length=1, flags=0x05, stream_id=189>
          ; END_STREAM | END_HEADERS
          (padlen=0)
          x-final: yes
[id=2] [  0.575] stream_id=189 closed
[id=2] [  0.575] recv (stream_id=191) :authority: localhost:63924
[id=2] [  0.575] recv (stream_id=191) :method: GET
[id=2] [  0.575] recv (stream_id=191) :path: /bytes
[id=2] [  0.575] recv (stream_id=191) :scheme: https
[id=2] [  0.575] recv (stream_id=191, sensitive) content-length: 0
[id=2] [  0.575] recv HEADERS frame <length=8, flags=0x05, stream_id=191>
          ; END_STREAM | END_HEADERS
          (padlen=0)
          ; Open new stream
[id=2] [  0.575] send HEADERS frame <length=12, flags=0x04, stream_id=191>
          ; END_HEADERS
          (padlen=0)
          ; First response header
          :status: 200
          server: nghttpd nghttp2/1.70.0
          cache-control: max-age=3600
          date: Wed, 30 Sep 2026 14:23:53 GMT
          content-length: 256
          last-modified: Wed, 30 Sep 2026 14:23:53 GMT
          trailer: x-final
[id=2] [  0.575] send DATA frame <length=256, flags=0x00, stream_id=191>
[id=2] [  0.575] send HEADERS frame <length=1, flags=0x05, stream_id=191>
          ; END_STREAM | END_HEADERS
          (padlen=0)
          x-final: yes
[id=2] [  0.575] stream_id=191 closed
[id=2] [  0.575] recv (stream_id=193) :authority: localhost:63924
[id=2] [  0.575] recv (stream_id=193) :method: GET
[id=2] [  0.575] recv (stream_id=193) :path: /bytes
[id=2] [  0.575] recv (stream_id=193) :scheme: https
[id=2] [  0.575] recv (stream_id=193, sensitive) content-length: 0
[id=2] [  0.575] recv HEADERS frame <length=8, flags=0x05, stream_id=193>
          ; END_STREAM | END_HEADERS
          (padlen=0)
          ; Open new stream
[id=2] [  0.575] send HEADERS frame <length=12, flags=0x04, stream_id=193>
          ; END_HEADERS
          (padlen=0)
          ; First response header
          :status: 200
          server: nghttpd nghttp2/1.70.0
          cache-control: max-age=3600
          date: Wed, 30 Sep 2026 14:23:53 GMT
          content-length: 256
          last-modified: Wed, 30 Sep 2026 14:23:53 GMT
          trailer: x-final
[id=2] [  0.575] send DATA frame <length=256, flags=0x00, stream_id=193>
[id=2] [  0.575] send HEADERS frame <length=1, flags=0x05, stream_id=193>
          ; END_STREAM | END_HEADERS
          (padlen=0)
          x-final: yes
[id=2] [  0.575] stream_id=193 closed
[id=2] [  0.575] recv (stream_id=195) :authority: localhost:63924
[id=2] [  0.575] recv (stream_id=195) :method: GET
[id=2] [  0.575] recv (stream_id=195) :path: /bytes
[id=2] [  0.575] recv (stream_id=195) :scheme: https
[id=2] [  0.575] recv (stream_id=195, sensitive) content-length: 0
[id=2] [  0.575] recv HEADERS frame <length=8, flags=0x05, stream_id=195>
          ; END_STREAM | END_HEADERS
          (padlen=0)
          ; Open new stream
[id=2] [  0.575] send HEADERS frame <length=12, flags=0x04, stream_id=195>
          ; END_HEADERS
          (padlen=0)
          ; First response header
          :status: 200
          server: nghttpd nghttp2/1.70.0
          cache-control: max-age=3600
          date: Wed, 30 Sep 2026 14:23:53 GMT
          content-length: 256
          last-modified: Wed, 30 Sep 2026 14:23:53 GMT
          trailer: x-final
[id=2] [  0.575] send DATA frame <length=256, flags=0x00, stream_id=195>
[id=2] [  0.575] send HEADERS frame <length=1, flags=0x05, stream_id=195>
          ; END_STREAM | END_HEADERS
          (padlen=0)
          x-final: yes
[id=2] [  0.575] stream_id=195 closed
[id=2] [  0.575] recv (stream_id=197) :authority: localhost:63924
[id=2] [  0.575] recv (stream_id=197) :method: GET
[id=2] [  0.575] recv (stream_id=197) :path: /bytes
[id=2] [  0.575] recv (stream_id=197) :scheme: https
[id=2] [  0.575] recv (stream_id=197, sensitive) content-length: 0
[id=2] [  0.575] recv HEADERS frame <length=8, flags=0x05, stream_id=197>
          ; END_STREAM | END_HEADERS
          (padlen=0)
          ; Open new stream
[id=2] [  0.575] send HEADERS frame <length=12, flags=0x04, stream_id=197>
          ; END_HEADERS
          (padlen=0)
          ; First response header
          :status: 200
          server: nghttpd nghttp2/1.70.0
          cache-control: max-age=3600
          date: Wed, 30 Sep 2026 14:23:53 GMT
          content-length: 256
          last-modified: Wed, 30 Sep 2026 14:23:53 GMT
          trailer: x-final
[id=2] [  0.575] send DATA frame <length=256, flags=0x00, stream_id=197>
[id=2] [  0.575] send HEADERS frame <length=1, flags=0x05, stream_id=197>
          ; END_STREAM | END_HEADERS
          (padlen=0)
          x-final: yes
[id=2] [  0.575] stream_id=197 closed
[id=2] [  0.575] recv (stream_id=199) :authority: localhost:63924
[id=2] [  0.575] recv (stream_id=199) :method: GET
[id=2] [  0.575] recv (stream_id=199) :path: /bytes
[id=2] [  0.575] recv (stream_id=199) :scheme: https
[id=2] [  0.575] recv (stream_id=199, sensitive) content-length: 0
[id=2] [  0.575] recv HEADERS frame <length=8, flags=0x05, stream_id=199>
          ; END_STREAM | END_HEADERS
          (padlen=0)
          ; Open new stream
[id=2] [  0.575] send HEADERS frame <length=12, flags=0x04, stream_id=199>
          ; END_HEADERS
          (padlen=0)
          ; First response header
          :status: 200
          server: nghttpd nghttp2/1.70.0
          cache-control: max-age=3600
          date: Wed, 30 Sep 2026 14:23:53 GMT
          content-length: 256
          last-modified: Wed, 30 Sep 2026 14:23:53 GMT
          trailer: x-final
[id=2] [  0.575] send DATA frame <length=256, flags=0x00, stream_id=199>
[id=2] [  0.575] send HEADERS frame <length=1, flags=0x05, stream_id=199>
          ; END_STREAM | END_HEADERS
          (padlen=0)
          x-final: yes
[id=2] [  0.575] stream_id=199 closed
[id=2] [  0.575] recv (stream_id=201) :authority: localhost:63924
[id=2] [  0.575] recv (stream_id=201) :method: GET
[id=2] [  0.575] recv (stream_id=201) :path: /bytes
[id=2] [  0.575] recv (stream_id=201) :scheme: https
[id=2] [  0.575] recv (stream_id=201, sensitive) content-length: 0
[id=2] [  0.575] recv HEADERS frame <length=8, flags=0x05, stream_id=201>
          ; END_STREAM | END_HEADERS
          (padlen=0)
          ; Open new stream
[id=2] [  0.575] send HEADERS frame <length=12, flags=0x04, stream_id=201>
          ; END_HEADERS
          (padlen=0)
          ; First response header
          :status: 200
          server: nghttpd nghttp2/1.70.0
          cache-control: max-age=3600
          date: Wed, 30 Sep 2026 14:23:53 GMT
          content-length: 256
          last-modified: Wed, 30 Sep 2026 14:23:53 GMT
          trailer: x-final
[id=2] [  0.575] send DATA frame <length=256, flags=0x00, stream_id=201>
[id=2] [  0.575] send HEADERS frame <length=1, flags=0x05, stream_id=201>
          ; END_STREAM | END_HEADERS
          (padlen=0)
          x-final: yes
[id=2] [  0.575] stream_id=201 closed
[id=2] [  0.575] recv (stream_id=203) :authority: localhost:63924
[id=2] [  0.575] recv (stream_id=203) :method: GET
[id=2] [  0.575] recv (stream_id=203) :path: /bytes
[id=2] [  0.575] recv (stream_id=203) :scheme: https
[id=2] [  0.575] recv (stream_id=203, sensitive) content-length: 0
[id=2] [  0.575] recv HEADERS frame <length=8, flags=0x05, stream_id=203>
          ; END_STREAM | END_HEADERS
          (padlen=0)
          ; Open new stream
[id=2] [  0.575] send HEADERS frame <length=12, flags=0x04, stream_id=203>
          ; END_HEADERS
          (padlen=0)
          ; First response header
          :status: 200
          server: nghttpd nghttp2/1.70.0
          cache-control: max-age=3600
          date: Wed, 30 Sep 2026 14:23:53 GMT
          content-length: 256
          last-modified: Wed, 30 Sep 2026 14:23:53 GMT
          trailer: x-final
[id=2] [  0.575] send DATA frame <length=256, flags=0x00, stream_id=203>
[id=2] [  0.575] send HEADERS frame <length=1, flags=0x05, stream_id=203>
          ; END_STREAM | END_HEADERS
          (padlen=0)
          x-final: yes
[id=2] [  0.575] stream_id=203 closed
[id=2] [  0.576] recv (stream_id=205) :authority: localhost:63924
[id=2] [  0.576] recv (stream_id=205) :method: GET
[id=2] [  0.576] recv (stream_id=205) :path: /bytes
[id=2] [  0.576] recv (stream_id=205) :scheme: https
[id=2] [  0.576] recv (stream_id=205, sensitive) content-length: 0
[id=2] [  0.576] recv HEADERS frame <length=8, flags=0x05, stream_id=205>
          ; END_STREAM | END_HEADERS
          (padlen=0)
          ; Open new stream
[id=2] [  0.576] send HEADERS frame <length=12, flags=0x04, stream_id=205>
          ; END_HEADERS
          (padlen=0)
          ; First response header
          :status: 200
          server: nghttpd nghttp2/1.70.0
          cache-control: max-age=3600
          date: Wed, 30 Sep 2026 14:23:53 GMT
          content-length: 256
          last-modified: Wed, 30 Sep 2026 14:23:53 GMT
          trailer: x-final
[id=2] [  0.576] send DATA frame <length=256, flags=0x00, stream_id=205>
[id=2] [  0.576] send HEADERS frame <length=1, flags=0x05, stream_id=205>
          ; END_STREAM | END_HEADERS
          (padlen=0)
          x-final: yes
[id=2] [  0.576] stream_id=205 closed
[id=2] [  0.576] recv (stream_id=207) :authority: localhost:63924
[id=2] [  0.576] recv (stream_id=207) :method: GET
[id=2] [  0.576] recv (stream_id=207) :path: /bytes
[id=2] [  0.576] recv (stream_id=207) :scheme: https
[id=2] [  0.576] recv (stream_id=207, sensitive) content-length: 0
[id=2] [  0.576] recv HEADERS frame <length=8, flags=0x05, stream_id=207>
          ; END_STREAM | END_HEADERS
          (padlen=0)
          ; Open new stream
[id=2] [  0.576] send HEADERS frame <length=12, flags=0x04, stream_id=207>
          ; END_HEADERS
          (padlen=0)
          ; First response header
          :status: 200
          server: nghttpd nghttp2/1.70.0
          cache-control: max-age=3600
          date: Wed, 30 Sep 2026 14:23:53 GMT
          content-length: 256
          last-modified: Wed, 30 Sep 2026 14:23:53 GMT
          trailer: x-final
[id=2] [  0.576] send DATA frame <length=256, flags=0x00, stream_id=207>
[id=2] [  0.576] send HEADERS frame <length=1, flags=0x05, stream_id=207>
          ; END_STREAM | END_HEADERS
          (padlen=0)
          x-final: yes
[id=2] [  0.576] stream_id=207 closed
[id=2] [  0.576] recv (stream_id=209) :authority: localhost:63924
[id=2] [  0.576] recv (stream_id=209) :method: GET
[id=2] [  0.576] recv (stream_id=209) :path: /bytes
[id=2] [  0.576] recv (stream_id=209) :scheme: https
[id=2] [  0.576] recv (stream_id=209, sensitive) content-length: 0
[id=2] [  0.576] recv HEADERS frame <length=8, flags=0x05, stream_id=209>
          ; END_STREAM | END_HEADERS
          (padlen=0)
          ; Open new stream
[id=2] [  0.576] send HEADERS frame <length=12, flags=0x04, stream_id=209>
          ; END_HEADERS
          (padlen=0)
          ; First response header
          :status: 200
          server: nghttpd nghttp2/1.70.0
          cache-control: max-age=3600
          date: Wed, 30 Sep 2026 14:23:53 GMT
          content-length: 256
          last-modified: Wed, 30 Sep 2026 14:23:53 GMT
          trailer: x-final
[id=2] [  0.576] send DATA frame <length=256, flags=0x00, stream_id=209>
[id=2] [  0.576] send HEADERS frame <length=1, flags=0x05, stream_id=209>
          ; END_STREAM | END_HEADERS
          (padlen=0)
          x-final: yes
[id=2] [  0.576] stream_id=209 closed
[id=2] [  0.576] recv (stream_id=211) :authority: localhost:63924
[id=2] [  0.576] recv (stream_id=211) :method: GET
[id=2] [  0.576] recv (stream_id=211) :path: /bytes
[id=2] [  0.576] recv (stream_id=211) :scheme: https
[id=2] [  0.576] recv (stream_id=211, sensitive) content-length: 0
[id=2] [  0.576] recv HEADERS frame <length=8, flags=0x05, stream_id=211>
          ; END_STREAM | END_HEADERS
          (padlen=0)
          ; Open new stream
[id=2] [  0.576] send HEADERS frame <length=12, flags=0x04, stream_id=211>
          ; END_HEADERS
          (padlen=0)
          ; First response header
          :status: 200
          server: nghttpd nghttp2/1.70.0
          cache-control: max-age=3600
          date: Wed, 30 Sep 2026 14:23:53 GMT
          content-length: 256
          last-modified: Wed, 30 Sep 2026 14:23:53 GMT
          trailer: x-final
[id=2] [  0.576] send DATA frame <length=256, flags=0x00, stream_id=211>
[id=2] [  0.576] send HEADERS frame <length=1, flags=0x05, stream_id=211>
          ; END_STREAM | END_HEADERS
          (padlen=0)
          x-final: yes
[id=2] [  0.576] stream_id=211 closed
[id=2] [  0.576] recv (stream_id=213) :authority: localhost:63924
[id=2] [  0.576] recv (stream_id=213) :method: GET
[id=2] [  0.576] recv (stream_id=213) :path: /bytes
[id=2] [  0.576] recv (stream_id=213) :scheme: https
[id=2] [  0.576] recv (stream_id=213, sensitive) content-length: 0
[id=2] [  0.576] recv HEADERS frame <length=8, flags=0x05, stream_id=213>
          ; END_STREAM | END_HEADERS
          (padlen=0)
          ; Open new stream
[id=2] [  0.576] send HEADERS frame <length=12, flags=0x04, stream_id=213>
          ; END_HEADERS
          (padlen=0)
          ; First response header
          :status: 200
          server: nghttpd nghttp2/1.70.0
          cache-control: max-age=3600
          date: Wed, 30 Sep 2026 14:23:53 GMT
          content-length: 256
          last-modified: Wed, 30 Sep 2026 14:23:53 GMT
          trailer: x-final
[id=2] [  0.576] send DATA frame <length=256, flags=0x00, stream_id=213>
[id=2] [  0.576] send HEADERS frame <length=1, flags=0x05, stream_id=213>
          ; END_STREAM | END_HEADERS
          (padlen=0)
          x-final: yes
[id=2] [  0.576] stream_id=213 closed
[id=2] [  0.576] recv (stream_id=215) :authority: localhost:63924
[id=2] [  0.576] recv (stream_id=215) :method: GET
[id=2] [  0.576] recv (stream_id=215) :path: /bytes
[id=2] [  0.576] recv (stream_id=215) :scheme: https
[id=2] [  0.576] recv (stream_id=215, sensitive) content-length: 0
[id=2] [  0.576] recv HEADERS frame <length=8, flags=0x05, stream_id=215>
          ; END_STREAM | END_HEADERS
          (padlen=0)
          ; Open new stream
[id=2] [  0.576] send HEADERS frame <length=12, flags=0x04, stream_id=215>
          ; END_HEADERS
          (padlen=0)
          ; First response header
          :status: 200
          server: nghttpd nghttp2/1.70.0
          cache-control: max-age=3600
          date: Wed, 30 Sep 2026 14:23:53 GMT
          content-length: 256
          last-modified: Wed, 30 Sep 2026 14:23:53 GMT
          trailer: x-final
[id=2] [  0.576] send DATA frame <length=256, flags=0x00, stream_id=215>
[id=2] [  0.576] send HEADERS frame <length=1, flags=0x05, stream_id=215>
          ; END_STREAM | END_HEADERS
          (padlen=0)
          x-final: yes
[id=2] [  0.576] stream_id=215 closed
[id=2] [  0.576] recv (stream_id=217) :authority: localhost:63924
[id=2] [  0.576] recv (stream_id=217) :method: GET
[id=2] [  0.576] recv (stream_id=217) :path: /bytes
[id=2] [  0.576] recv (stream_id=217) :scheme: https
[id=2] [  0.576] recv (stream_id=217, sensitive) content-length: 0
[id=2] [  0.576] recv HEADERS frame <length=8, flags=0x05, stream_id=217>
          ; END_STREAM | END_HEADERS
          (padlen=0)
          ; Open new stream
[id=2] [  0.576] send HEADERS frame <length=12, flags=0x04, stream_id=217>
          ; END_HEADERS
          (padlen=0)
          ; First response header
          :status: 200
          server: nghttpd nghttp2/1.70.0
          cache-control: max-age=3600
          date: Wed, 30 Sep 2026 14:23:53 GMT
          content-length: 256
          last-modified: Wed, 30 Sep 2026 14:23:53 GMT
          trailer: x-final
[id=2] [  0.576] send DATA frame <length=256, flags=0x00, stream_id=217>
[id=2] [  0.576] send HEADERS frame <length=1, flags=0x05, stream_id=217>
          ; END_STREAM | END_HEADERS
          (padlen=0)
          x-final: yes
[id=2] [  0.576] stream_id=217 closed
[id=2] [  0.576] recv (stream_id=219) :authority: localhost:63924
[id=2] [  0.576] recv (stream_id=219) :method: GET
[id=2] [  0.576] recv (stream_id=219) :path: /bytes
[id=2] [  0.576] recv (stream_id=219) :scheme: https
[id=2] [  0.576] recv (stream_id=219, sensitive) content-length: 0
[id=2] [  0.576] recv HEADERS frame <length=8, flags=0x05, stream_id=219>
          ; END_STREAM | END_HEADERS
          (padlen=0)
          ; Open new stream
[id=2] [  0.576] send HEADERS frame <length=12, flags=0x04, stream_id=219>
          ; END_HEADERS
          (padlen=0)
          ; First response header
          :status: 200
          server: nghttpd nghttp2/1.70.0
          cache-control: max-age=3600
          date: Wed, 30 Sep 2026 14:23:53 GMT
          content-length: 256
          last-modified: Wed, 30 Sep 2026 14:23:53 GMT
          trailer: x-final
[id=2] [  0.576] send DATA frame <length=256, flags=0x00, stream_id=219>
[id=2] [  0.576] send HEADERS frame <length=1, flags=0x05, stream_id=219>
          ; END_STREAM | END_HEADERS
          (padlen=0)
          x-final: yes
[id=2] [  0.576] stream_id=219 closed
[id=2] [  0.576] recv (stream_id=221) :authority: localhost:63924
[id=2] [  0.576] recv (stream_id=221) :method: GET
[id=2] [  0.576] recv (stream_id=221) :path: /bytes
[id=2] [  0.576] recv (stream_id=221) :scheme: https
[id=2] [  0.576] recv (stream_id=221, sensitive) content-length: 0
[id=2] [  0.576] recv HEADERS frame <length=8, flags=0x05, stream_id=221>
          ; END_STREAM | END_HEADERS
          (padlen=0)
          ; Open new stream
[id=2] [  0.576] send HEADERS frame <length=12, flags=0x04, stream_id=221>
          ; END_HEADERS
          (padlen=0)
          ; First response header
          :status: 200
          server: nghttpd nghttp2/1.70.0
          cache-control: max-age=3600
          date: Wed, 30 Sep 2026 14:23:53 GMT
          content-length: 256
          last-modified: Wed, 30 Sep 2026 14:23:53 GMT
          trailer: x-final
[id=2] [  0.576] send DATA frame <length=256, flags=0x00, stream_id=221>
[id=2] [  0.576] send HEADERS frame <length=1, flags=0x05, stream_id=221>
          ; END_STREAM | END_HEADERS
          (padlen=0)
          x-final: yes
[id=2] [  0.576] stream_id=221 closed
[id=2] [  0.576] recv (stream_id=223) :authority: localhost:63924
[id=2] [  0.576] recv (stream_id=223) :method: GET
[id=2] [  0.576] recv (stream_id=223) :path: /bytes
[id=2] [  0.576] recv (stream_id=223) :scheme: https
[id=2] [  0.576] recv (stream_id=223, sensitive) content-length: 0
[id=2] [  0.576] recv HEADERS frame <length=8, flags=0x05, stream_id=223>
          ; END_STREAM | END_HEADERS
          (padlen=0)
          ; Open new stream
[id=2] [  0.576] send HEADERS frame <length=12, flags=0x04, stream_id=223>
          ; END_HEADERS
          (padlen=0)
          ; First response header
          :status: 200
          server: nghttpd nghttp2/1.70.0
          cache-control: max-age=3600
          date: Wed, 30 Sep 2026 14:23:53 GMT
          content-length: 256
          last-modified: Wed, 30 Sep 2026 14:23:53 GMT
          trailer: x-final
[id=2] [  0.576] send DATA frame <length=256, flags=0x00, stream_id=223>
[id=2] [  0.576] send HEADERS frame <length=1, flags=0x05, stream_id=223>
          ; END_STREAM | END_HEADERS
          (padlen=0)
          x-final: yes
[id=2] [  0.576] stream_id=223 closed
[id=2] [  0.576] recv (stream_id=225) :authority: localhost:63924
[id=2] [  0.576] recv (stream_id=225) :method: GET
[id=2] [  0.576] recv (stream_id=225) :path: /bytes
[id=2] [  0.576] recv (stream_id=225) :scheme: https
[id=2] [  0.576] recv (stream_id=225, sensitive) content-length: 0
[id=2] [  0.576] recv HEADERS frame <length=8, flags=0x05, stream_id=225>
          ; END_STREAM | END_HEADERS
          (padlen=0)
          ; Open new stream
[id=2] [  0.576] send HEADERS frame <length=12, flags=0x04, stream_id=225>
          ; END_HEADERS
          (padlen=0)
          ; First response header
          :status: 200
          server: nghttpd nghttp2/1.70.0
          cache-control: max-age=3600
          date: Wed, 30 Sep 2026 14:23:53 GMT
          content-length: 256
          last-modified: Wed, 30 Sep 2026 14:23:53 GMT
          trailer: x-final
[id=2] [  0.576] send DATA frame <length=256, flags=0x00, stream_id=225>
[id=2] [  0.576] send HEADERS frame <length=1, flags=0x05, stream_id=225>
          ; END_STREAM | END_HEADERS
          (padlen=0)
          x-final: yes
[id=2] [  0.576] stream_id=225 closed
[id=2] [  0.576] recv (stream_id=227) :authority: localhost:63924
[id=2] [  0.576] recv (stream_id=227) :method: GET
[id=2] [  0.576] recv (stream_id=227) :path: /bytes
[id=2] [  0.576] recv (stream_id=227) :scheme: https
[id=2] [  0.576] recv (stream_id=227, sensitive) content-length: 0
[id=2] [  0.576] recv HEADERS frame <length=8, flags=0x05, stream_id=227>
          ; END_STREAM | END_HEADERS
          (padlen=0)
          ; Open new stream
[id=2] [  0.576] send HEADERS frame <length=12, flags=0x04, stream_id=227>
          ; END_HEADERS
          (padlen=0)
          ; First response header
          :status: 200
          server: nghttpd nghttp2/1.70.0
          cache-control: max-age=3600
          date: Wed, 30 Sep 2026 14:23:53 GMT
          content-length: 256
          last-modified: Wed, 30 Sep 2026 14:23:53 GMT
          trailer: x-final
[id=2] [  0.576] send DATA frame <length=256, flags=0x00, stream_id=227>
[id=2] [  0.576] send HEADERS frame <length=1, flags=0x05, stream_id=227>
          ; END_STREAM | END_HEADERS
          (padlen=0)
          x-final: yes
[id=2] [  0.576] stream_id=227 closed
[id=2] [  0.576] recv (stream_id=229) :authority: localhost:63924
[id=2] [  0.576] recv (stream_id=229) :method: GET
[id=2] [  0.576] recv (stream_id=229) :path: /bytes
[id=2] [  0.576] recv (stream_id=229) :scheme: https
[id=2] [  0.576] recv (stream_id=229, sensitive) content-length: 0
[id=2] [  0.576] recv HEADERS frame <length=8, flags=0x05, stream_id=229>
          ; END_STREAM | END_HEADERS
          (padlen=0)
          ; Open new stream
[id=2] [  0.576] send HEADERS frame <length=12, flags=0x04, stream_id=229>
          ; END_HEADERS
          (padlen=0)
          ; First response header
          :status: 200
          server: nghttpd nghttp2/1.70.0
          cache-control: max-age=3600
          date: Wed, 30 Sep 2026 14:23:53 GMT
          content-length: 256
          last-modified: Wed, 30 Sep 2026 14:23:53 GMT
          trailer: x-final
[id=2] [  0.576] send DATA frame <length=256, flags=0x00, stream_id=229>
[id=2] [  0.576] send HEADERS frame <length=1, flags=0x05, stream_id=229>
          ; END_STREAM | END_HEADERS
          (padlen=0)
          x-final: yes
[id=2] [  0.576] stream_id=229 closed
[id=2] [  0.578] recv (stream_id=231) :authority: localhost:63924
[id=2] [  0.578] recv (stream_id=231) :method: GET
[id=2] [  0.578] recv (stream_id=231) :path: /bytes
[id=2] [  0.578] recv (stream_id=231) :scheme: https
[id=2] [  0.578] recv (stream_id=231, sensitive) content-length: 0
[id=2] [  0.578] recv HEADERS frame <length=8, flags=0x05, stream_id=231>
          ; END_STREAM | END_HEADERS
          (padlen=0)
          ; Open new stream
[id=2] [  0.578] send HEADERS frame <length=12, flags=0x04, stream_id=231>
          ; END_HEADERS
          (padlen=0)
          ; First response header
          :status: 200
          server: nghttpd nghttp2/1.70.0
          cache-control: max-age=3600
          date: Wed, 30 Sep 2026 14:23:53 GMT
          content-length: 256
          last-modified: Wed, 30 Sep 2026 14:23:53 GMT
          trailer: x-final
[id=2] [  0.578] send DATA frame <length=256, flags=0x00, stream_id=231>
[id=2] [  0.578] send HEADERS frame <length=1, flags=0x05, stream_id=231>
          ; END_STREAM | END_HEADERS
          (padlen=0)
          x-final: yes
[id=2] [  0.578] stream_id=231 closed
[id=2] [  0.578] recv (stream_id=233) :authority: localhost:63924
[id=2] [  0.578] recv (stream_id=233) :method: GET
[id=2] [  0.578] recv (stream_id=233) :path: /bytes
[id=2] [  0.578] recv (stream_id=233) :scheme: https
[id=2] [  0.578] recv (stream_id=233, sensitive) content-length: 0
[id=2] [  0.578] recv HEADERS frame <length=8, flags=0x05, stream_id=233>
          ; END_STREAM | END_HEADERS
          (padlen=0)
          ; Open new stream
[id=2] [  0.578] send HEADERS frame <length=12, flags=0x04, stream_id=233>
          ; END_HEADERS
          (padlen=0)
          ; First response header
          :status: 200
          server: nghttpd nghttp2/1.70.0
          cache-control: max-age=3600
          date: Wed, 30 Sep 2026 14:23:53 GMT
          content-length: 256
          last-modified: Wed, 30 Sep 2026 14:23:53 GMT
          trailer: x-final
[id=2] [  0.578] send DATA frame <length=256, flags=0x00, stream_id=233>
[id=2] [  0.578] send HEADERS frame <length=1, flags=0x05, stream_id=233>
          ; END_STREAM | END_HEADERS
          (padlen=0)
          x-final: yes
[id=2] [  0.578] stream_id=233 closed
[id=2] [  0.578] recv (stream_id=235) :authority: localhost:63924
[id=2] [  0.578] recv (stream_id=235) :method: GET
[id=2] [  0.578] recv (stream_id=235) :path: /bytes
[id=2] [  0.578] recv (stream_id=235) :scheme: https
[id=2] [  0.578] recv (stream_id=235, sensitive) content-length: 0
[id=2] [  0.578] recv HEADERS frame <length=8, flags=0x05, stream_id=235>
          ; END_STREAM | END_HEADERS
          (padlen=0)
          ; Open new stream
[id=2] [  0.578] send HEADERS frame <length=12, flags=0x04, stream_id=235>
          ; END_HEADERS
          (padlen=0)
          ; First response header
          :status: 200
          server: nghttpd nghttp2/1.70.0
          cache-control: max-age=3600
          date: Wed, 30 Sep 2026 14:23:53 GMT
          content-length: 256
          last-modified: Wed, 30 Sep 2026 14:23:53 GMT
          trailer: x-final
[id=2] [  0.578] send DATA frame <length=256, flags=0x00, stream_id=235>
[id=2] [  0.578] send HEADERS frame <length=1, flags=0x05, stream_id=235>
          ; END_STREAM | END_HEADERS
          (padlen=0)
          x-final: yes
[id=2] [  0.578] stream_id=235 closed
[id=2] [  0.578] recv (stream_id=237) :authority: localhost:63924
[id=2] [  0.578] recv (stream_id=237) :method: GET
[id=2] [  0.578] recv (stream_id=237) :path: /bytes
[id=2] [  0.578] recv (stream_id=237) :scheme: https
[id=2] [  0.578] recv (stream_id=237, sensitive) content-length: 0
[id=2] [  0.578] recv HEADERS frame <length=8, flags=0x05, stream_id=237>
          ; END_STREAM | END_HEADERS
          (padlen=0)
          ; Open new stream
[id=2] [  0.578] send HEADERS frame <length=12, flags=0x04, stream_id=237>
          ; END_HEADERS
          (padlen=0)
          ; First response header
          :status: 200
          server: nghttpd nghttp2/1.70.0
          cache-control: max-age=3600
          date: Wed, 30 Sep 2026 14:23:53 GMT
          content-length: 256
          last-modified: Wed, 30 Sep 2026 14:23:53 GMT
          trailer: x-final
[id=2] [  0.578] send DATA frame <length=256, flags=0x00, stream_id=237>
[id=2] [  0.578] send HEADERS frame <length=1, flags=0x05, stream_id=237>
          ; END_STREAM | END_HEADERS
          (padlen=0)
          x-final: yes
[id=2] [  0.578] stream_id=237 closed
[id=2] [  0.578] recv (stream_id=239) :authority: localhost:63924
[id=2] [  0.578] recv (stream_id=239) :method: GET
[id=2] [  0.578] recv (stream_id=239) :path: /bytes
[id=2] [  0.578] recv (stream_id=239) :scheme: https
[id=2] [  0.578] recv (stream_id=239, sensitive) content-length: 0
[id=2] [  0.578] recv HEADERS frame <length=8, flags=0x05, stream_id=239>
          ; END_STREAM | END_HEADERS
          (padlen=0)
          ; Open new stream
[id=2] [  0.578] send HEADERS frame <length=12, flags=0x04, stream_id=239>
          ; END_HEADERS
          (padlen=0)
          ; First response header
          :status: 200
          server: nghttpd nghttp2/1.70.0
          cache-control: max-age=3600
          date: Wed, 30 Sep 2026 14:23:53 GMT
          content-length: 256
          last-modified: Wed, 30 Sep 2026 14:23:53 GMT
          trailer: x-final
[id=2] [  0.578] send DATA frame <length=256, flags=0x00, stream_id=239>
[id=2] [  0.578] send HEADERS frame <length=1, flags=0x05, stream_id=239>
          ; END_STREAM | END_HEADERS
          (padlen=0)
          x-final: yes
[id=2] [  0.578] stream_id=239 closed
[id=2] [  0.578] recv (stream_id=241) :authority: localhost:63924
[id=2] [  0.578] recv (stream_id=241) :method: GET
[id=2] [  0.578] recv (stream_id=241) :path: /bytes
[id=2] [  0.578] recv (stream_id=241) :scheme: https
[id=2] [  0.578] recv (stream_id=241, sensitive) content-length: 0
[id=2] [  0.578] recv HEADERS frame <length=8, flags=0x05, stream_id=241>
          ; END_STREAM | END_HEADERS
          (padlen=0)
          ; Open new stream
[id=2] [  0.578] send HEADERS frame <length=12, flags=0x04, stream_id=241>
          ; END_HEADERS
          (padlen=0)
          ; First response header
          :status: 200
          server: nghttpd nghttp2/1.70.0
          cache-control: max-age=3600
          date: Wed, 30 Sep 2026 14:23:53 GMT
          content-length: 256
          last-modified: Wed, 30 Sep 2026 14:23:53 GMT
          trailer: x-final
[id=2] [  0.578] send DATA frame <length=256, flags=0x00, stream_id=241>
[id=2] [  0.578] send HEADERS frame <length=1, flags=0x05, stream_id=241>
          ; END_STREAM | END_HEADERS
          (padlen=0)
          x-final: yes
[id=2] [  0.578] stream_id=241 closed
[id=2] [  0.578] recv (stream_id=243) :authority: localhost:63924
[id=2] [  0.578] recv (stream_id=243) :method: GET
[id=2] [  0.578] recv (stream_id=243) :path: /bytes
[id=2] [  0.578] recv (stream_id=243) :scheme: https
[id=2] [  0.578] recv (stream_id=243, sensitive) content-length: 0
[id=2] [  0.578] recv HEADERS frame <length=8, flags=0x05, stream_id=243>
          ; END_STREAM | END_HEADERS
          (padlen=0)
          ; Open new stream
[id=2] [  0.578] send HEADERS frame <length=12, flags=0x04, stream_id=243>
          ; END_HEADERS
          (padlen=0)
          ; First response header
          :status: 200
          server: nghttpd nghttp2/1.70.0
          cache-control: max-age=3600
          date: Wed, 30 Sep 2026 14:23:53 GMT
          content-length: 256
          last-modified: Wed, 30 Sep 2026 14:23:53 GMT
          trailer: x-final
[id=2] [  0.578] send DATA frame <length=256, flags=0x00, stream_id=243>
[id=2] [  0.578] send HEADERS frame <length=1, flags=0x05, stream_id=243>
          ; END_STREAM | END_HEADERS
          (padlen=0)
          x-final: yes
[id=2] [  0.578] stream_id=243 closed
[id=2] [  0.578] recv (stream_id=245) :authority: localhost:63924
[id=2] [  0.578] recv (stream_id=245) :method: GET
[id=2] [  0.578] recv (stream_id=245) :path: /bytes
[id=2] [  0.578] recv (stream_id=245) :scheme: https
[id=2] [  0.578] recv (stream_id=245, sensitive) content-length: 0
[id=2] [  0.578] recv HEADERS frame <length=8, flags=0x05, stream_id=245>
          ; END_STREAM | END_HEADERS
          (padlen=0)
          ; Open new stream
[id=2] [  0.578] send HEADERS frame <length=12, flags=0x04, stream_id=245>
          ; END_HEADERS
          (padlen=0)
          ; First response header
          :status: 200
          server: nghttpd nghttp2/1.70.0
          cache-control: max-age=3600
          date: Wed, 30 Sep 2026 14:23:53 GMT
          content-length: 256
          last-modified: Wed, 30 Sep 2026 14:23:53 GMT
          trailer: x-final
[id=2] [  0.578] send DATA frame <length=256, flags=0x00, stream_id=245>
[id=2] [  0.578] send HEADERS frame <length=1, flags=0x05, stream_id=245>
          ; END_STREAM | END_HEADERS
          (padlen=0)
          x-final: yes
[id=2] [  0.578] stream_id=245 closed
[id=2] [  0.579] recv (stream_id=247) :authority: localhost:63924
[id=2] [  0.579] recv (stream_id=247) :method: GET
[id=2] [  0.579] recv (stream_id=247) :path: /bytes
[id=2] [  0.579] recv (stream_id=247) :scheme: https
[id=2] [  0.579] recv (stream_id=247, sensitive) content-length: 0
[id=2] [  0.579] recv HEADERS frame <length=8, flags=0x05, stream_id=247>
          ; END_STREAM | END_HEADERS
          (padlen=0)
          ; Open new stream
[id=2] [  0.579] send HEADERS frame <length=12, flags=0x04, stream_id=247>
          ; END_HEADERS
          (padlen=0)
          ; First response header
          :status: 200
          server: nghttpd nghttp2/1.70.0
          cache-control: max-age=3600
          date: Wed, 30 Sep 2026 14:23:53 GMT
          content-length: 256
          last-modified: Wed, 30 Sep 2026 14:23:53 GMT
          trailer: x-final
[id=2] [  0.579] send DATA frame <length=256, flags=0x00, stream_id=247>
[id=2] [  0.579] send HEADERS frame <length=1, flags=0x05, stream_id=247>
          ; END_STREAM | END_HEADERS
          (padlen=0)
          x-final: yes
[id=2] [  0.579] stream_id=247 closed
[id=2] [  0.579] recv (stream_id=249) :authority: localhost:63924
[id=2] [  0.579] recv (stream_id=249) :method: GET
[id=2] [  0.579] recv (stream_id=249) :path: /bytes
[id=2] [  0.579] recv (stream_id=249) :scheme: https
[id=2] [  0.579] recv (stream_id=249, sensitive) content-length: 0
[id=2] [  0.579] recv HEADERS frame <length=8, flags=0x05, stream_id=249>
          ; END_STREAM | END_HEADERS
          (padlen=0)
          ; Open new stream
[id=2] [  0.579] send HEADERS frame <length=12, flags=0x04, stream_id=249>
          ; END_HEADERS
          (padlen=0)
          ; First response header
          :status: 200
          server: nghttpd nghttp2/1.70.0
          cache-control: max-age=3600
          date: Wed, 30 Sep 2026 14:23:53 GMT
          content-length: 256
          last-modified: Wed, 30 Sep 2026 14:23:53 GMT
          trailer: x-final
[id=2] [  0.579] send DATA frame <length=256, flags=0x00, stream_id=249>
[id=2] [  0.579] send HEADERS frame <length=1, flags=0x05, stream_id=249>
          ; END_STREAM | END_HEADERS
          (padlen=0)
          x-final: yes
[id=2] [  0.579] stream_id=249 closed
[id=2] [  0.579] recv (stream_id=251) :authority: localhost:63924
[id=2] [  0.579] recv (stream_id=251) :method: GET
[id=2] [  0.579] recv (stream_id=251) :path: /bytes
[id=2] [  0.579] recv (stream_id=251) :scheme: https
[id=2] [  0.579] recv (stream_id=251, sensitive) content-length: 0
[id=2] [  0.579] recv HEADERS frame <length=8, flags=0x05, stream_id=251>
          ; END_STREAM | END_HEADERS
          (padlen=0)
          ; Open new stream
[id=2] [  0.579] send HEADERS frame <length=12, flags=0x04, stream_id=251>
          ; END_HEADERS
          (padlen=0)
          ; First response header
          :status: 200
          server: nghttpd nghttp2/1.70.0
          cache-control: max-age=3600
          date: Wed, 30 Sep 2026 14:23:53 GMT
          content-length: 256
          last-modified: Wed, 30 Sep 2026 14:23:53 GMT
          trailer: x-final
[id=2] [  0.579] send DATA frame <length=256, flags=0x00, stream_id=251>
[id=2] [  0.579] send HEADERS frame <length=1, flags=0x05, stream_id=251>
          ; END_STREAM | END_HEADERS
          (padlen=0)
          x-final: yes
[id=2] [  0.579] stream_id=251 closed
[id=2] [  0.579] recv (stream_id=253) :authority: localhost:63924
[id=2] [  0.579] recv (stream_id=253) :method: GET
[id=2] [  0.579] recv (stream_id=253) :path: /bytes
[id=2] [  0.579] recv (stream_id=253) :scheme: https
[id=2] [  0.579] recv (stream_id=253, sensitive) content-length: 0
[id=2] [  0.579] recv HEADERS frame <length=8, flags=0x05, stream_id=253>
          ; END_STREAM | END_HEADERS
          (padlen=0)
          ; Open new stream
[id=2] [  0.579] send HEADERS frame <length=12, flags=0x04, stream_id=253>
          ; END_HEADERS
          (padlen=0)
          ; First response header
          :status: 200
          server: nghttpd nghttp2/1.70.0
          cache-control: max-age=3600
          date: Wed, 30 Sep 2026 14:23:53 GMT
          content-length: 256
          last-modified: Wed, 30 Sep 2026 14:23:53 GMT
          trailer: x-final
[id=2] [  0.579] send DATA frame <length=256, flags=0x00, stream_id=253>
[id=2] [  0.579] send HEADERS frame <length=1, flags=0x05, stream_id=253>
          ; END_STREAM | END_HEADERS
          (padlen=0)
          x-final: yes
[id=2] [  0.579] stream_id=253 closed
[id=2] [  0.580] recv (stream_id=255) :authority: localhost:63924
[id=2] [  0.580] recv (stream_id=255) :method: GET
[id=2] [  0.580] recv (stream_id=255) :path: /bytes
[id=2] [  0.580] recv (stream_id=255) :scheme: https
[id=2] [  0.580] recv (stream_id=255, sensitive) content-length: 0
[id=2] [  0.580] recv HEADERS frame <length=8, flags=0x05, stream_id=255>
          ; END_STREAM | END_HEADERS
          (padlen=0)
          ; Open new stream
[id=2] [  0.580] send HEADERS frame <length=12, flags=0x04, stream_id=255>
          ; END_HEADERS
          (padlen=0)
          ; First response header
          :status: 200
          server: nghttpd nghttp2/1.70.0
          cache-control: max-age=3600
          date: Wed, 30 Sep 2026 14:23:53 GMT
          content-length: 256
          last-modified: Wed, 30 Sep 2026 14:23:53 GMT
          trailer: x-final
[id=2] [  0.580] send DATA frame <length=256, flags=0x00, stream_id=255>
[id=2] [  0.580] send HEADERS frame <length=1, flags=0x05, stream_id=255>
          ; END_STREAM | END_HEADERS
          (padlen=0)
          x-final: yes
[id=2] [  0.580] stream_id=255 closed
[id=2] [  0.580] recv (stream_id=257) :authority: localhost:63924
[id=2] [  0.580] recv (stream_id=257) :method: GET
[id=2] [  0.580] recv (stream_id=257) :path: /bytes
[id=2] [  0.580] recv (stream_id=257) :scheme: https
[id=2] [  0.580] recv (stream_id=257, sensitive) content-length: 0
[id=2] [  0.580] recv HEADERS frame <length=8, flags=0x05, stream_id=257>
          ; END_STREAM | END_HEADERS
          (padlen=0)
          ; Open new stream
[id=2] [  0.580] send HEADERS frame <length=12, flags=0x04, stream_id=257>
          ; END_HEADERS
          (padlen=0)
          ; First response header
          :status: 200
          server: nghttpd nghttp2/1.70.0
          cache-control: max-age=3600
          date: Wed, 30 Sep 2026 14:23:53 GMT
          content-length: 256
          last-modified: Wed, 30 Sep 2026 14:23:53 GMT
          trailer: x-final
[id=2] [  0.580] send DATA frame <length=256, flags=0x00, stream_id=257>
[id=2] [  0.580] send HEADERS frame <length=1, flags=0x05, stream_id=257>
          ; END_STREAM | END_HEADERS
          (padlen=0)
          x-final: yes
[id=2] [  0.580] stream_id=257 closed
[id=2] [  0.580] recv (stream_id=259) :authority: localhost:63924
[id=2] [  0.580] recv (stream_id=259) :method: GET
[id=2] [  0.580] recv (stream_id=259) :path: /bytes
[id=2] [  0.580] recv (stream_id=259) :scheme: https
[id=2] [  0.580] recv (stream_id=259, sensitive) content-length: 0
[id=2] [  0.580] recv HEADERS frame <length=8, flags=0x05, stream_id=259>
          ; END_STREAM | END_HEADERS
          (padlen=0)
          ; Open new stream
[id=2] [  0.580] send HEADERS frame <length=12, flags=0x04, stream_id=259>
          ; END_HEADERS
          (padlen=0)
          ; First response header
          :status: 200
          server: nghttpd nghttp2/1.70.0
          cache-control: max-age=3600
          date: Wed, 30 Sep 2026 14:23:53 GMT
          content-length: 256
          last-modified: Wed, 30 Sep 2026 14:23:53 GMT
          trailer: x-final
[id=2] [  0.580] send DATA frame <length=256, flags=0x00, stream_id=259>
[id=2] [  0.580] send HEADERS frame <length=1, flags=0x05, stream_id=259>
          ; END_STREAM | END_HEADERS
          (padlen=0)
          x-final: yes
[id=2] [  0.580] stream_id=259 closed
[id=2] [  0.580] recv (stream_id=261) :authority: localhost:63924
[id=2] [  0.580] recv (stream_id=261) :method: GET
[id=2] [  0.580] recv (stream_id=261) :path: /bytes
[id=2] [  0.580] recv (stream_id=261) :scheme: https
[id=2] [  0.580] recv (stream_id=261, sensitive) content-length: 0
[id=2] [  0.580] recv HEADERS frame <length=8, flags=0x05, stream_id=261>
          ; END_STREAM | END_HEADERS
          (padlen=0)
          ; Open new stream
[id=2] [  0.580] send HEADERS frame <length=12, flags=0x04, stream_id=261>
          ; END_HEADERS
          (padlen=0)
          ; First response header
          :status: 200
          server: nghttpd nghttp2/1.70.0
          cache-control: max-age=3600
          date: Wed, 30 Sep 2026 14:23:53 GMT
          content-length: 256
          last-modified: Wed, 30 Sep 2026 14:23:53 GMT
          trailer: x-final
[id=2] [  0.580] send DATA frame <length=256, flags=0x00, stream_id=261>
[id=2] [  0.580] send HEADERS frame <length=1, flags=0x05, stream_id=261>
          ; END_STREAM | END_HEADERS
          (padlen=0)
          x-final: yes
[id=2] [  0.580] stream_id=261 closed
[id=2] [  0.581] recv (stream_id=263) :authority: localhost:63924
[id=2] [  0.581] recv (stream_id=263) :method: GET
[id=2] [  0.581] recv (stream_id=263) :path: /bytes
[id=2] [  0.581] recv (stream_id=263) :scheme: https
[id=2] [  0.581] recv (stream_id=263, sensitive) content-length: 0
[id=2] [  0.581] recv HEADERS frame <length=8, flags=0x05, stream_id=263>
          ; END_STREAM | END_HEADERS
          (padlen=0)
          ; Open new stream
[id=2] [  0.581] send HEADERS frame <length=12, flags=0x04, stream_id=263>
          ; END_HEADERS
          (padlen=0)
          ; First response header
          :status: 200
          server: nghttpd nghttp2/1.70.0
          cache-control: max-age=3600
          date: Wed, 30 Sep 2026 14:23:53 GMT
          content-length: 256
          last-modified: Wed, 30 Sep 2026 14:23:53 GMT
          trailer: x-final
[id=2] [  0.581] send DATA frame <length=256, flags=0x00, stream_id=263>
[id=2] [  0.581] send HEADERS frame <length=1, flags=0x05, stream_id=263>
          ; END_STREAM | END_HEADERS
          (padlen=0)
          x-final: yes
[id=2] [  0.581] stream_id=263 closed
[id=2] [  0.581] recv (stream_id=265) :authority: localhost:63924
[id=2] [  0.581] recv (stream_id=265) :method: GET
[id=2] [  0.581] recv (stream_id=265) :path: /bytes
[id=2] [  0.581] recv (stream_id=265) :scheme: https
[id=2] [  0.581] recv (stream_id=265, sensitive) content-length: 0
[id=2] [  0.581] recv HEADERS frame <length=8, flags=0x05, stream_id=265>
          ; END_STREAM | END_HEADERS
          (padlen=0)
          ; Open new stream
[id=2] [  0.581] send HEADERS frame <length=12, flags=0x04, stream_id=265>
          ; END_HEADERS
          (padlen=0)
          ; First response header
          :status: 200
          server: nghttpd nghttp2/1.70.0
          cache-control: max-age=3600
          date: Wed, 30 Sep 2026 14:23:53 GMT
          content-length: 256
          last-modified: Wed, 30 Sep 2026 14:23:53 GMT
          trailer: x-final
[id=2] [  0.581] send DATA frame <length=256, flags=0x00, stream_id=265>
[id=2] [  0.581] send HEADERS frame <length=1, flags=0x05, stream_id=265>
          ; END_STREAM | END_HEADERS
          (padlen=0)
          x-final: yes
[id=2] [  0.581] stream_id=265 closed
[id=2] [  0.582] recv (stream_id=267) :authority: localhost:63924
[id=2] [  0.582] recv (stream_id=267) :method: GET
[id=2] [  0.582] recv (stream_id=267) :path: /bytes
[id=2] [  0.582] recv (stream_id=267) :scheme: https
[id=2] [  0.582] recv (stream_id=267, sensitive) content-length: 0
[id=2] [  0.582] recv HEADERS frame <length=8, flags=0x05, stream_id=267>
          ; END_STREAM | END_HEADERS
          (padlen=0)
          ; Open new stream
[id=2] [  0.582] send HEADERS frame <length=12, flags=0x04, stream_id=267>
          ; END_HEADERS
          (padlen=0)
          ; First response header
          :status: 200
          server: nghttpd nghttp2/1.70.0
          cache-control: max-age=3600
          date: Wed, 30 Sep 2026 14:23:53 GMT
          content-length: 256
          last-modified: Wed, 30 Sep 2026 14:23:53 GMT
          trailer: x-final
[id=2] [  0.582] send DATA frame <length=256, flags=0x00, stream_id=267>
[id=2] [  0.582] send HEADERS frame <length=1, flags=0x05, stream_id=267>
          ; END_STREAM | END_HEADERS
          (padlen=0)
          x-final: yes
[id=2] [  0.582] stream_id=267 closed
[id=2] [  0.583] recv (stream_id=269) :authority: localhost:63924
[id=2] [  0.583] recv (stream_id=269) :method: GET
[id=2] [  0.583] recv (stream_id=269) :path: /bytes
[id=2] [  0.583] recv (stream_id=269) :scheme: https
[id=2] [  0.583] recv (stream_id=269, sensitive) content-length: 0
[id=2] [  0.583] recv HEADERS frame <length=8, flags=0x05, stream_id=269>
          ; END_STREAM | END_HEADERS
          (padlen=0)
          ; Open new stream
[id=2] [  0.583] send HEADERS frame <length=12, flags=0x04, stream_id=269>
          ; END_HEADERS
          (padlen=0)
          ; First response header
          :status: 200
          server: nghttpd nghttp2/1.70.0
          cache-control: max-age=3600
          date: Wed, 30 Sep 2026 14:23:53 GMT
          content-length: 256
          last-modified: Wed, 30 Sep 2026 14:23:53 GMT
          trailer: x-final
[id=2] [  0.583] send DATA frame <length=256, flags=0x00, stream_id=269>
[id=2] [  0.583] send HEADERS frame <length=1, flags=0x05, stream_id=269>
          ; END_STREAM | END_HEADERS
          (padlen=0)
          x-final: yes
[id=2] [  0.583] stream_id=269 closed
[id=2] [  0.583] recv (stream_id=271) :authority: localhost:63924
[id=2] [  0.583] recv (stream_id=271) :method: GET
[id=2] [  0.583] recv (stream_id=271) :path: /bytes
[id=2] [  0.583] recv (stream_id=271) :scheme: https
[id=2] [  0.583] recv (stream_id=271, sensitive) content-length: 0
[id=2] [  0.583] recv HEADERS frame <length=8, flags=0x05, stream_id=271>
          ; END_STREAM | END_HEADERS
          (padlen=0)
          ; Open new stream
[id=2] [  0.583] send HEADERS frame <length=12, flags=0x04, stream_id=271>
          ; END_HEADERS
          (padlen=0)
          ; First response header
          :status: 200
          server: nghttpd nghttp2/1.70.0
          cache-control: max-age=3600
          date: Wed, 30 Sep 2026 14:23:53 GMT
          content-length: 256
          last-modified: Wed, 30 Sep 2026 14:23:53 GMT
          trailer: x-final
[id=2] [  0.583] send DATA frame <length=256, flags=0x00, stream_id=271>
[id=2] [  0.583] send HEADERS frame <length=1, flags=0x05, stream_id=271>
          ; END_STREAM | END_HEADERS
          (padlen=0)
          x-final: yes
[id=2] [  0.583] stream_id=271 closed
[id=2] [  0.583] recv (stream_id=273) :authority: localhost:63924
[id=2] [  0.583] recv (stream_id=273) :method: GET
[id=2] [  0.583] recv (stream_id=273) :path: /bytes
[id=2] [  0.583] recv (stream_id=273) :scheme: https
[id=2] [  0.583] recv (stream_id=273, sensitive) content-length: 0
[id=2] [  0.583] recv HEADERS frame <length=8, flags=0x05, stream_id=273>
          ; END_STREAM | END_HEADERS
          (padlen=0)
          ; Open new stream
[id=2] [  0.583] send HEADERS frame <length=12, flags=0x04, stream_id=273>
          ; END_HEADERS
          (padlen=0)
          ; First response header
          :status: 200
          server: nghttpd nghttp2/1.70.0
          cache-control: max-age=3600
          date: Wed, 30 Sep 2026 14:23:53 GMT
          content-length: 256
          last-modified: Wed, 30 Sep 2026 14:23:53 GMT
          trailer: x-final
[id=2] [  0.583] send DATA frame <length=256, flags=0x00, stream_id=273>
[id=2] [  0.583] send HEADERS frame <length=1, flags=0x05, stream_id=273>
          ; END_STREAM | END_HEADERS
          (padlen=0)
          x-final: yes
[id=2] [  0.583] stream_id=273 closed
[id=2] [  0.584] recv (stream_id=275) :authority: localhost:63924
[id=2] [  0.584] recv (stream_id=275) :method: GET
[id=2] [  0.584] recv (stream_id=275) :path: /bytes
[id=2] [  0.584] recv (stream_id=275) :scheme: https
[id=2] [  0.584] recv (stream_id=275, sensitive) content-length: 0
[id=2] [  0.584] recv HEADERS frame <length=8, flags=0x05, stream_id=275>
          ; END_STREAM | END_HEADERS
          (padlen=0)
          ; Open new stream
[id=2] [  0.584] send HEADERS frame <length=12, flags=0x04, stream_id=275>
          ; END_HEADERS
          (padlen=0)
          ; First response header
          :status: 200
          server: nghttpd nghttp2/1.70.0
          cache-control: max-age=3600
          date: Wed, 30 Sep 2026 14:23:53 GMT
          content-length: 256
          last-modified: Wed, 30 Sep 2026 14:23:53 GMT
          trailer: x-final
[id=2] [  0.584] send DATA frame <length=256, flags=0x00, stream_id=275>
[id=2] [  0.584] send HEADERS frame <length=1, flags=0x05, stream_id=275>
          ; END_STREAM | END_HEADERS
          (padlen=0)
          x-final: yes
[id=2] [  0.584] stream_id=275 closed
[id=2] [  0.584] recv (stream_id=277) :authority: localhost:63924
[id=2] [  0.584] recv (stream_id=277) :method: GET
[id=2] [  0.584] recv (stream_id=277) :path: /bytes
[id=2] [  0.584] recv (stream_id=277) :scheme: https
[id=2] [  0.584] recv (stream_id=277, sensitive) content-length: 0
[id=2] [  0.584] recv HEADERS frame <length=8, flags=0x05, stream_id=277>
          ; END_STREAM | END_HEADERS
          (padlen=0)
          ; Open new stream
[id=2] [  0.584] send HEADERS frame <length=12, flags=0x04, stream_id=277>
          ; END_HEADERS
          (padlen=0)
          ; First response header
          :status: 200
          server: nghttpd nghttp2/1.70.0
          cache-control: max-age=3600
          date: Wed, 30 Sep 2026 14:23:53 GMT
          content-length: 256
          last-modified: Wed, 30 Sep 2026 14:23:53 GMT
          trailer: x-final
[id=2] [  0.584] send DATA frame <length=256, flags=0x00, stream_id=277>
[id=2] [  0.584] send HEADERS frame <length=1, flags=0x05, stream_id=277>
          ; END_STREAM | END_HEADERS
          (padlen=0)
          x-final: yes
[id=2] [  0.584] stream_id=277 closed
[id=2] [  0.584] recv (stream_id=279) :authority: localhost:63924
[id=2] [  0.584] recv (stream_id=279) :method: GET
[id=2] [  0.584] recv (stream_id=279) :path: /bytes
[id=2] [  0.584] recv (stream_id=279) :scheme: https
[id=2] [  0.584] recv (stream_id=279, sensitive) content-length: 0
[id=2] [  0.584] recv HEADERS frame <length=8, flags=0x05, stream_id=279>
          ; END_STREAM | END_HEADERS
          (padlen=0)
          ; Open new stream
[id=2] [  0.584] send HEADERS frame <length=12, flags=0x04, stream_id=279>
          ; END_HEADERS
          (padlen=0)
          ; First response header
          :status: 200
          server: nghttpd nghttp2/1.70.0
          cache-control: max-age=3600
          date: Wed, 30 Sep 2026 14:23:53 GMT
          content-length: 256
          last-modified: Wed, 30 Sep 2026 14:23:53 GMT
          trailer: x-final
[id=2] [  0.584] send DATA frame <length=256, flags=0x00, stream_id=279>
[id=2] [  0.584] send HEADERS frame <length=1, flags=0x05, stream_id=279>
          ; END_STREAM | END_HEADERS
          (padlen=0)
          x-final: yes
[id=2] [  0.584] stream_id=279 closed
[id=2] [  0.584] recv (stream_id=281) :authority: localhost:63924
[id=2] [  0.584] recv (stream_id=281) :method: GET
[id=2] [  0.584] recv (stream_id=281) :path: /bytes
[id=2] [  0.584] recv (stream_id=281) :scheme: https
[id=2] [  0.584] recv (stream_id=281, sensitive) content-length: 0
[id=2] [  0.584] recv HEADERS frame <length=8, flags=0x05, stream_id=281>
          ; END_STREAM | END_HEADERS
          (padlen=0)
          ; Open new stream
[id=2] [  0.584] send HEADERS frame <length=12, flags=0x04, stream_id=281>
          ; END_HEADERS
          (padlen=0)
          ; First response header
          :status: 200
          server: nghttpd nghttp2/1.70.0
          cache-control: max-age=3600
          date: Wed, 30 Sep 2026 14:23:53 GMT
          content-length: 256
          last-modified: Wed, 30 Sep 2026 14:23:53 GMT
          trailer: x-final
[id=2] [  0.584] send DATA frame <length=256, flags=0x00, stream_id=281>
[id=2] [  0.584] send HEADERS frame <length=1, flags=0x05, stream_id=281>
          ; END_STREAM | END_HEADERS
          (padlen=0)
          x-final: yes
[id=2] [  0.584] stream_id=281 closed
[id=2] [  0.584] recv (stream_id=283) :authority: localhost:63924
[id=2] [  0.584] recv (stream_id=283) :method: GET
[id=2] [  0.584] recv (stream_id=283) :path: /bytes
[id=2] [  0.584] recv (stream_id=283) :scheme: https
[id=2] [  0.584] recv (stream_id=283, sensitive) content-length: 0
[id=2] [  0.584] recv HEADERS frame <length=8, flags=0x05, stream_id=283>
          ; END_STREAM | END_HEADERS
          (padlen=0)
          ; Open new stream
[id=2] [  0.584] send HEADERS frame <length=12, flags=0x04, stream_id=283>
          ; END_HEADERS
          (padlen=0)
          ; First response header
          :status: 200
          server: nghttpd nghttp2/1.70.0
          cache-control: max-age=3600
          date: Wed, 30 Sep 2026 14:23:53 GMT
          content-length: 256
          last-modified: Wed, 30 Sep 2026 14:23:53 GMT
          trailer: x-final
[id=2] [  0.584] send DATA frame <length=256, flags=0x00, stream_id=283>
[id=2] [  0.584] send HEADERS frame <length=1, flags=0x05, stream_id=283>
          ; END_STREAM | END_HEADERS
          (padlen=0)
          x-final: yes
[id=2] [  0.584] stream_id=283 closed
[id=2] [  0.584] recv (stream_id=285) :authority: localhost:63924
[id=2] [  0.584] recv (stream_id=285) :method: GET
[id=2] [  0.584] recv (stream_id=285) :path: /bytes
[id=2] [  0.584] recv (stream_id=285) :scheme: https
[id=2] [  0.584] recv (stream_id=285, sensitive) content-length: 0
[id=2] [  0.584] recv HEADERS frame <length=8, flags=0x05, stream_id=285>
          ; END_STREAM | END_HEADERS
          (padlen=0)
          ; Open new stream
[id=2] [  0.584] send HEADERS frame <length=12, flags=0x04, stream_id=285>
          ; END_HEADERS
          (padlen=0)
          ; First response header
          :status: 200
          server: nghttpd nghttp2/1.70.0
          cache-control: max-age=3600
          date: Wed, 30 Sep 2026 14:23:53 GMT
          content-length: 256
          last-modified: Wed, 30 Sep 2026 14:23:53 GMT
          trailer: x-final
[id=2] [  0.584] send DATA frame <length=256, flags=0x00, stream_id=285>
[id=2] [  0.584] send HEADERS frame <length=1, flags=0x05, stream_id=285>
          ; END_STREAM | END_HEADERS
          (padlen=0)
          x-final: yes
[id=2] [  0.584] stream_id=285 closed
[id=2] [  0.584] recv (stream_id=287) :authority: localhost:63924
[id=2] [  0.584] recv (stream_id=287) :method: GET
[id=2] [  0.584] recv (stream_id=287) :path: /bytes
[id=2] [  0.584] recv (stream_id=287) :scheme: https
[id=2] [  0.584] recv (stream_id=287, sensitive) content-length: 0
[id=2] [  0.584] recv HEADERS frame <length=8, flags=0x05, stream_id=287>
          ; END_STREAM | END_HEADERS
          (padlen=0)
          ; Open new stream
[id=2] [  0.584] send HEADERS frame <length=12, flags=0x04, stream_id=287>
          ; END_HEADERS
          (padlen=0)
          ; First response header
          :status: 200
          server: nghttpd nghttp2/1.70.0
          cache-control: max-age=3600
          date: Wed, 30 Sep 2026 14:23:53 GMT
          content-length: 256
          last-modified: Wed, 30 Sep 2026 14:23:53 GMT
          trailer: x-final
[id=2] [  0.584] send DATA frame <length=256, flags=0x00, stream_id=287>
[id=2] [  0.584] send HEADERS frame <length=1, flags=0x05, stream_id=287>
          ; END_STREAM | END_HEADERS
          (padlen=0)
          x-final: yes
[id=2] [  0.584] stream_id=287 closed
[id=2] [  0.584] recv (stream_id=289) :authority: localhost:63924
[id=2] [  0.584] recv (stream_id=289) :method: GET
[id=2] [  0.584] recv (stream_id=289) :path: /bytes
[id=2] [  0.584] recv (stream_id=289) :scheme: https
[id=2] [  0.584] recv (stream_id=289, sensitive) content-length: 0
[id=2] [  0.584] recv HEADERS frame <length=8, flags=0x05, stream_id=289>
          ; END_STREAM | END_HEADERS
          (padlen=0)
          ; Open new stream
[id=2] [  0.584] send HEADERS frame <length=12, flags=0x04, stream_id=289>
          ; END_HEADERS
          (padlen=0)
          ; First response header
          :status: 200
          server: nghttpd nghttp2/1.70.0
          cache-control: max-age=3600
          date: Wed, 30 Sep 2026 14:23:53 GMT
          content-length: 256
          last-modified: Wed, 30 Sep 2026 14:23:53 GMT
          trailer: x-final
[id=2] [  0.584] send DATA frame <length=256, flags=0x00, stream_id=289>
[id=2] [  0.584] send HEADERS frame <length=1, flags=0x05, stream_id=289>
          ; END_STREAM | END_HEADERS
          (padlen=0)
          x-final: yes
[id=2] [  0.584] stream_id=289 closed
[id=2] [  0.584] recv (stream_id=291) :authority: localhost:63924
[id=2] [  0.584] recv (stream_id=291) :method: GET
[id=2] [  0.584] recv (stream_id=291) :path: /bytes
[id=2] [  0.584] recv (stream_id=291) :scheme: https
[id=2] [  0.584] recv (stream_id=291, sensitive) content-length: 0
[id=2] [  0.584] recv HEADERS frame <length=8, flags=0x05, stream_id=291>
          ; END_STREAM | END_HEADERS
          (padlen=0)
          ; Open new stream
[id=2] [  0.584] send HEADERS frame <length=12, flags=0x04, stream_id=291>
          ; END_HEADERS
          (padlen=0)
          ; First response header
          :status: 200
          server: nghttpd nghttp2/1.70.0
          cache-control: max-age=3600
          date: Wed, 30 Sep 2026 14:23:53 GMT
          content-length: 256
          last-modified: Wed, 30 Sep 2026 14:23:53 GMT
          trailer: x-final
[id=2] [  0.584] send DATA frame <length=256, flags=0x00, stream_id=291>
[id=2] [  0.584] send HEADERS frame <length=1, flags=0x05, stream_id=291>
          ; END_STREAM | END_HEADERS
          (padlen=0)
          x-final: yes
[id=2] [  0.584] stream_id=291 closed
[id=2] [  0.584] recv (stream_id=293) :authority: localhost:63924
[id=2] [  0.584] recv (stream_id=293) :method: GET
[id=2] [  0.584] recv (stream_id=293) :path: /bytes
[id=2] [  0.584] recv (stream_id=293) :scheme: https
[id=2] [  0.584] recv (stream_id=293, sensitive) content-length: 0
[id=2] [  0.584] recv HEADERS frame <length=8, flags=0x05, stream_id=293>
          ; END_STREAM | END_HEADERS
          (padlen=0)
          ; Open new stream
[id=2] [  0.584] send HEADERS frame <length=12, flags=0x04, stream_id=293>
          ; END_HEADERS
          (padlen=0)
          ; First response header
          :status: 200
          server: nghttpd nghttp2/1.70.0
          cache-control: max-age=3600
          date: Wed, 30 Sep 2026 14:23:53 GMT
          content-length: 256
          last-modified: Wed, 30 Sep 2026 14:23:53 GMT
          trailer: x-final
[id=2] [  0.584] send DATA frame <length=256, flags=0x00, stream_id=293>
[id=2] [  0.584] send HEADERS frame <length=1, flags=0x05, stream_id=293>
          ; END_STREAM | END_HEADERS
          (padlen=0)
          x-final: yes
[id=2] [  0.584] stream_id=293 closed
[id=2] [  0.584] recv (stream_id=295) :authority: localhost:63924
[id=2] [  0.584] recv (stream_id=295) :method: GET
[id=2] [  0.584] recv (stream_id=295) :path: /bytes
[id=2] [  0.584] recv (stream_id=295) :scheme: https
[id=2] [  0.584] recv (stream_id=295, sensitive) content-length: 0
[id=2] [  0.584] recv HEADERS frame <length=8, flags=0x05, stream_id=295>
          ; END_STREAM | END_HEADERS
          (padlen=0)
          ; Open new stream
[id=2] [  0.584] send HEADERS frame <length=12, flags=0x04, stream_id=295>
          ; END_HEADERS
          (padlen=0)
          ; First response header
          :status: 200
          server: nghttpd nghttp2/1.70.0
          cache-control: max-age=3600
          date: Wed, 30 Sep 2026 14:23:53 GMT
          content-length: 256
          last-modified: Wed, 30 Sep 2026 14:23:53 GMT
          trailer: x-final
[id=2] [  0.584] send DATA frame <length=256, flags=0x00, stream_id=295>
[id=2] [  0.584] send HEADERS frame <length=1, flags=0x05, stream_id=295>
          ; END_STREAM | END_HEADERS
          (padlen=0)
          x-final: yes
[id=2] [  0.584] stream_id=295 closed
[id=2] [  0.584] recv (stream_id=297) :authority: localhost:63924
[id=2] [  0.584] recv (stream_id=297) :method: GET
[id=2] [  0.584] recv (stream_id=297) :path: /bytes
[id=2] [  0.584] recv (stream_id=297) :scheme: https
[id=2] [  0.584] recv (stream_id=297, sensitive) content-length: 0
[id=2] [  0.584] recv HEADERS frame <length=8, flags=0x05, stream_id=297>
          ; END_STREAM | END_HEADERS
          (padlen=0)
          ; Open new stream
[id=2] [  0.584] send HEADERS frame <length=12, flags=0x04, stream_id=297>
          ; END_HEADERS
          (padlen=0)
          ; First response header
          :status: 200
          server: nghttpd nghttp2/1.70.0
          cache-control: max-age=3600
          date: Wed, 30 Sep 2026 14:23:53 GMT
          content-length: 256
          last-modified: Wed, 30 Sep 2026 14:23:53 GMT
          trailer: x-final
[id=2] [  0.584] send DATA frame <length=256, flags=0x00, stream_id=297>
[id=2] [  0.584] send HEADERS frame <length=1, flags=0x05, stream_id=297>
          ; END_STREAM | END_HEADERS
          (padlen=0)
          x-final: yes
[id=2] [  0.584] stream_id=297 closed
[id=2] [  0.584] recv (stream_id=299) :authority: localhost:63924
[id=2] [  0.584] recv (stream_id=299) :method: GET
[id=2] [  0.584] recv (stream_id=299) :path: /bytes
[id=2] [  0.584] recv (stream_id=299) :scheme: https
[id=2] [  0.584] recv (stream_id=299, sensitive) content-length: 0
[id=2] [  0.584] recv HEADERS frame <length=8, flags=0x05, stream_id=299>
          ; END_STREAM | END_HEADERS
          (padlen=0)
          ; Open new stream
[id=2] [  0.584] send HEADERS frame <length=12, flags=0x04, stream_id=299>
          ; END_HEADERS
          (padlen=0)
          ; First response header
          :status: 200
          server: nghttpd nghttp2/1.70.0
          cache-control: max-age=3600
          date: Wed, 30 Sep 2026 14:23:53 GMT
          content-length: 256
          last-modified: Wed, 30 Sep 2026 14:23:53 GMT
          trailer: x-final
[id=2] [  0.584] send DATA frame <length=256, flags=0x00, stream_id=299>
[id=2] [  0.584] send HEADERS frame <length=1, flags=0x05, stream_id=299>
          ; END_STREAM | END_HEADERS
          (padlen=0)
          x-final: yes
[id=2] [  0.584] stream_id=299 closed
[id=2] [  0.584] recv (stream_id=301) :authority: localhost:63924
[id=2] [  0.584] recv (stream_id=301) :method: GET
[id=2] [  0.584] recv (stream_id=301) :path: /bytes
[id=2] [  0.584] recv (stream_id=301) :scheme: https
[id=2] [  0.585] recv (stream_id=301, sensitive) content-length: 0
[id=2] [  0.585] recv HEADERS frame <length=8, flags=0x05, stream_id=301>
          ; END_STREAM | END_HEADERS
          (padlen=0)
          ; Open new stream
[id=2] [  0.585] send HEADERS frame <length=12, flags=0x04, stream_id=301>
          ; END_HEADERS
          (padlen=0)
          ; First response header
          :status: 200
          server: nghttpd nghttp2/1.70.0
          cache-control: max-age=3600
          date: Wed, 30 Sep 2026 14:23:53 GMT
          content-length: 256
          last-modified: Wed, 30 Sep 2026 14:23:53 GMT
          trailer: x-final
[id=2] [  0.585] send DATA frame <length=256, flags=0x00, stream_id=301>
[id=2] [  0.585] send HEADERS frame <length=1, flags=0x05, stream_id=301>
          ; END_STREAM | END_HEADERS
          (padlen=0)
          x-final: yes
[id=2] [  0.585] stream_id=301 closed
[id=2] [  0.585] recv (stream_id=303) :authority: localhost:63924
[id=2] [  0.585] recv (stream_id=303) :method: GET
[id=2] [  0.585] recv (stream_id=303) :path: /bytes
[id=2] [  0.585] recv (stream_id=303) :scheme: https
[id=2] [  0.585] recv (stream_id=303, sensitive) content-length: 0
[id=2] [  0.585] recv HEADERS frame <length=8, flags=0x05, stream_id=303>
          ; END_STREAM | END_HEADERS
          (padlen=0)
          ; Open new stream
[id=2] [  0.585] send HEADERS frame <length=12, flags=0x04, stream_id=303>
          ; END_HEADERS
          (padlen=0)
          ; First response header
          :status: 200
          server: nghttpd nghttp2/1.70.0
          cache-control: max-age=3600
          date: Wed, 30 Sep 2026 14:23:53 GMT
          content-length: 256
          last-modified: Wed, 30 Sep 2026 14:23:53 GMT
          trailer: x-final
[id=2] [  0.585] send DATA frame <length=256, flags=0x00, stream_id=303>
[id=2] [  0.585] send HEADERS frame <length=1, flags=0x05, stream_id=303>
          ; END_STREAM | END_HEADERS
          (padlen=0)
          x-final: yes
[id=2] [  0.585] stream_id=303 closed
[id=2] [  0.585] recv (stream_id=305) :authority: localhost:63924
[id=2] [  0.585] recv (stream_id=305) :method: GET
[id=2] [  0.585] recv (stream_id=305) :path: /bytes
[id=2] [  0.585] recv (stream_id=305) :scheme: https
[id=2] [  0.585] recv (stream_id=305, sensitive) content-length: 0
[id=2] [  0.585] recv HEADERS frame <length=8, flags=0x05, stream_id=305>
          ; END_STREAM | END_HEADERS
          (padlen=0)
          ; Open new stream
[id=2] [  0.585] send HEADERS frame <length=12, flags=0x04, stream_id=305>
          ; END_HEADERS
          (padlen=0)
          ; First response header
          :status: 200
          server: nghttpd nghttp2/1.70.0
          cache-control: max-age=3600
          date: Wed, 30 Sep 2026 14:23:53 GMT
          content-length: 256
          last-modified: Wed, 30 Sep 2026 14:23:53 GMT
          trailer: x-final
[id=2] [  0.585] send DATA frame <length=256, flags=0x00, stream_id=305>
[id=2] [  0.585] send HEADERS frame <length=1, flags=0x05, stream_id=305>
          ; END_STREAM | END_HEADERS
          (padlen=0)
          x-final: yes
[id=2] [  0.585] stream_id=305 closed
[id=2] [  0.585] recv (stream_id=307) :authority: localhost:63924
[id=2] [  0.585] recv (stream_id=307) :method: GET
[id=2] [  0.585] recv (stream_id=307) :path: /bytes
[id=2] [  0.585] recv (stream_id=307) :scheme: https
[id=2] [  0.585] recv (stream_id=307, sensitive) content-length: 0
[id=2] [  0.585] recv HEADERS frame <length=8, flags=0x05, stream_id=307>
          ; END_STREAM | END_HEADERS
          (padlen=0)
          ; Open new stream
[id=2] [  0.585] send HEADERS frame <length=12, flags=0x04, stream_id=307>
          ; END_HEADERS
          (padlen=0)
          ; First response header
          :status: 200
          server: nghttpd nghttp2/1.70.0
          cache-control: max-age=3600
          date: Wed, 30 Sep 2026 14:23:53 GMT
          content-length: 256
          last-modified: Wed, 30 Sep 2026 14:23:53 GMT
          trailer: x-final
[id=2] [  0.585] send DATA frame <length=256, flags=0x00, stream_id=307>
[id=2] [  0.585] send HEADERS frame <length=1, flags=0x05, stream_id=307>
          ; END_STREAM | END_HEADERS
          (padlen=0)
          x-final: yes
[id=2] [  0.585] stream_id=307 closed
[id=2] [  0.585] recv (stream_id=309) :authority: localhost:63924
[id=2] [  0.585] recv (stream_id=309) :method: GET
[id=2] [  0.585] recv (stream_id=309) :path: /bytes
[id=2] [  0.585] recv (stream_id=309) :scheme: https
[id=2] [  0.585] recv (stream_id=309, sensitive) content-length: 0
[id=2] [  0.585] recv HEADERS frame <length=8, flags=0x05, stream_id=309>
          ; END_STREAM | END_HEADERS
          (padlen=0)
          ; Open new stream
[id=2] [  0.585] send HEADERS frame <length=12, flags=0x04, stream_id=309>
          ; END_HEADERS
          (padlen=0)
          ; First response header
          :status: 200
          server: nghttpd nghttp2/1.70.0
          cache-control: max-age=3600
          date: Wed, 30 Sep 2026 14:23:53 GMT
          content-length: 256
          last-modified: Wed, 30 Sep 2026 14:23:53 GMT
          trailer: x-final
[id=2] [  0.585] send DATA frame <length=256, flags=0x00, stream_id=309>
[id=2] [  0.585] send HEADERS frame <length=1, flags=0x05, stream_id=309>
          ; END_STREAM | END_HEADERS
          (padlen=0)
          x-final: yes
[id=2] [  0.585] stream_id=309 closed
[id=2] [  0.585] recv (stream_id=311) :authority: localhost:63924
[id=2] [  0.585] recv (stream_id=311) :method: GET
[id=2] [  0.585] recv (stream_id=311) :path: /bytes
[id=2] [  0.585] recv (stream_id=311) :scheme: https
[id=2] [  0.585] recv (stream_id=311, sensitive) content-length: 0
[id=2] [  0.585] recv HEADERS frame <length=8, flags=0x05, stream_id=311>
          ; END_STREAM | END_HEADERS
          (padlen=0)
          ; Open new stream
[id=2] [  0.585] send HEADERS frame <length=12, flags=0x04, stream_id=311>
          ; END_HEADERS
          (padlen=0)
          ; First response header
          :status: 200
          server: nghttpd nghttp2/1.70.0
          cache-control: max-age=3600
          date: Wed, 30 Sep 2026 14:23:53 GMT
          content-length: 256
          last-modified: Wed, 30 Sep 2026 14:23:53 GMT
          trailer: x-final
[id=2] [  0.585] send DATA frame <length=256, flags=0x00, stream_id=311>
[id=2] [  0.585] send HEADERS frame <length=1, flags=0x05, stream_id=311>
          ; END_STREAM | END_HEADERS
          (padlen=0)
          x-final: yes
[id=2] [  0.585] stream_id=311 closed
[id=2] [  0.585] recv (stream_id=313) :authority: localhost:63924
[id=2] [  0.585] recv (stream_id=313) :method: GET
[id=2] [  0.585] recv (stream_id=313) :path: /bytes
[id=2] [  0.585] recv (stream_id=313) :scheme: https
[id=2] [  0.585] recv (stream_id=313, sensitive) content-length: 0
[id=2] [  0.585] recv HEADERS frame <length=8, flags=0x05, stream_id=313>
          ; END_STREAM | END_HEADERS
          (padlen=0)
          ; Open new stream
[id=2] [  0.585] send HEADERS frame <length=12, flags=0x04, stream_id=313>
          ; END_HEADERS
          (padlen=0)
          ; First response header
          :status: 200
          server: nghttpd nghttp2/1.70.0
          cache-control: max-age=3600
          date: Wed, 30 Sep 2026 14:23:53 GMT
          content-length: 256
          last-modified: Wed, 30 Sep 2026 14:23:53 GMT
          trailer: x-final
[id=2] [  0.585] send DATA frame <length=256, flags=0x00, stream_id=313>
[id=2] [  0.585] send HEADERS frame <length=1, flags=0x05, stream_id=313>
          ; END_STREAM | END_HEADERS
          (padlen=0)
          x-final: yes
[id=2] [  0.585] stream_id=313 closed
[id=2] [  0.585] recv (stream_id=315) :authority: localhost:63924
[id=2] [  0.585] recv (stream_id=315) :method: GET
[id=2] [  0.585] recv (stream_id=315) :path: /bytes
[id=2] [  0.585] recv (stream_id=315) :scheme: https
[id=2] [  0.585] recv (stream_id=315, sensitive) content-length: 0
[id=2] [  0.585] recv HEADERS frame <length=8, flags=0x05, stream_id=315>
          ; END_STREAM | END_HEADERS
          (padlen=0)
          ; Open new stream
[id=2] [  0.585] send HEADERS frame <length=12, flags=0x04, stream_id=315>
          ; END_HEADERS
          (padlen=0)
          ; First response header
          :status: 200
          server: nghttpd nghttp2/1.70.0
          cache-control: max-age=3600
          date: Wed, 30 Sep 2026 14:23:53 GMT
          content-length: 256
          last-modified: Wed, 30 Sep 2026 14:23:53 GMT
          trailer: x-final
[id=2] [  0.585] send DATA frame <length=256, flags=0x00, stream_id=315>
[id=2] [  0.585] send HEADERS frame <length=1, flags=0x05, stream_id=315>
          ; END_STREAM | END_HEADERS
          (padlen=0)
          x-final: yes
[id=2] [  0.585] stream_id=315 closed
[id=2] [  0.585] recv (stream_id=317) :authority: localhost:63924
[id=2] [  0.585] recv (stream_id=317) :method: GET
[id=2] [  0.585] recv (stream_id=317) :path: /bytes
[id=2] [  0.585] recv (stream_id=317) :scheme: https
[id=2] [  0.585] recv (stream_id=317, sensitive) content-length: 0
[id=2] [  0.585] recv HEADERS frame <length=8, flags=0x05, stream_id=317>
          ; END_STREAM | END_HEADERS
          (padlen=0)
          ; Open new stream
[id=2] [  0.585] send HEADERS frame <length=12, flags=0x04, stream_id=317>
          ; END_HEADERS
          (padlen=0)
          ; First response header
          :status: 200
          server: nghttpd nghttp2/1.70.0
          cache-control: max-age=3600
          date: Wed, 30 Sep 2026 14:23:53 GMT
          content-length: 256
          last-modified: Wed, 30 Sep 2026 14:23:53 GMT
          trailer: x-final
[id=2] [  0.585] send DATA frame <length=256, flags=0x00, stream_id=317>
[id=2] [  0.585] send HEADERS frame <length=1, flags=0x05, stream_id=317>
          ; END_STREAM | END_HEADERS
          (padlen=0)
          x-final: yes
[id=2] [  0.585] stream_id=317 closed
[id=2] [  0.585] recv (stream_id=319) :authority: localhost:63924
[id=2] [  0.585] recv (stream_id=319) :method: GET
[id=2] [  0.585] recv (stream_id=319) :path: /bytes
[id=2] [  0.585] recv (stream_id=319) :scheme: https
[id=2] [  0.585] recv (stream_id=319, sensitive) content-length: 0
[id=2] [  0.585] recv HEADERS frame <length=8, flags=0x05, stream_id=319>
          ; END_STREAM | END_HEADERS
          (padlen=0)
          ; Open new stream
[id=2] [  0.585] send HEADERS frame <length=12, flags=0x04, stream_id=319>
          ; END_HEADERS
          (padlen=0)
          ; First response header
          :status: 200
          server: nghttpd nghttp2/1.70.0
          cache-control: max-age=3600
          date: Wed, 30 Sep 2026 14:23:53 GMT
          content-length: 256
          last-modified: Wed, 30 Sep 2026 14:23:53 GMT
          trailer: x-final
[id=2] [  0.585] send DATA frame <length=256, flags=0x00, stream_id=319>
[id=2] [  0.585] send HEADERS frame <length=1, flags=0x05, stream_id=319>
          ; END_STREAM | END_HEADERS
          (padlen=0)
          x-final: yes
[id=2] [  0.585] stream_id=319 closed
[id=2] [  0.585] recv (stream_id=321) :authority: localhost:63924
[id=2] [  0.585] recv (stream_id=321) :method: GET
[id=2] [  0.585] recv (stream_id=321) :path: /bytes
[id=2] [  0.585] recv (stream_id=321) :scheme: https
[id=2] [  0.585] recv (stream_id=321, sensitive) content-length: 0
[id=2] [  0.585] recv HEADERS frame <length=8, flags=0x05, stream_id=321>
          ; END_STREAM | END_HEADERS
          (padlen=0)
          ; Open new stream
[id=2] [  0.585] send HEADERS frame <length=12, flags=0x04, stream_id=321>
          ; END_HEADERS
          (padlen=0)
          ; First response header
          :status: 200
          server: nghttpd nghttp2/1.70.0
          cache-control: max-age=3600
          date: Wed, 30 Sep 2026 14:23:53 GMT
          content-length: 256
          last-modified: Wed, 30 Sep 2026 14:23:53 GMT
          trailer: x-final
[id=2] [  0.585] send DATA frame <length=256, flags=0x00, stream_id=321>
[id=2] [  0.585] send HEADERS frame <length=1, flags=0x05, stream_id=321>
          ; END_STREAM | END_HEADERS
          (padlen=0)
          x-final: yes
[id=2] [  0.585] stream_id=321 closed
[id=2] [  0.585] recv (stream_id=323) :authority: localhost:63924
[id=2] [  0.585] recv (stream_id=323) :method: GET
[id=2] [  0.585] recv (stream_id=323) :path: /bytes
[id=2] [  0.585] recv (stream_id=323) :scheme: https
[id=2] [  0.585] recv (stream_id=323, sensitive) content-length: 0
[id=2] [  0.585] recv HEADERS frame <length=8, flags=0x05, stream_id=323>
          ; END_STREAM | END_HEADERS
          (padlen=0)
          ; Open new stream
[id=2] [  0.585] send HEADERS frame <length=12, flags=0x04, stream_id=323>
          ; END_HEADERS
          (padlen=0)
          ; First response header
          :status: 200
          server: nghttpd nghttp2/1.70.0
          cache-control: max-age=3600
          date: Wed, 30 Sep 2026 14:23:53 GMT
          content-length: 256
          last-modified: Wed, 30 Sep 2026 14:23:53 GMT
          trailer: x-final
[id=2] [  0.585] send DATA frame <length=256, flags=0x00, stream_id=323>
[id=2] [  0.585] send HEADERS frame <length=1, flags=0x05, stream_id=323>
          ; END_STREAM | END_HEADERS
          (padlen=0)
          x-final: yes
[id=2] [  0.585] stream_id=323 closed
[id=2] [  0.585] recv (stream_id=325) :authority: localhost:63924
[id=2] [  0.586] recv (stream_id=325) :method: GET
[id=2] [  0.586] recv (stream_id=325) :path: /bytes
[id=2] [  0.586] recv (stream_id=325) :scheme: https
[id=2] [  0.586] recv (stream_id=325, sensitive) content-length: 0
[id=2] [  0.586] recv HEADERS frame <length=8, flags=0x05, stream_id=325>
          ; END_STREAM | END_HEADERS
          (padlen=0)
          ; Open new stream
[id=2] [  0.586] send HEADERS frame <length=12, flags=0x04, stream_id=325>
          ; END_HEADERS
          (padlen=0)
          ; First response header
          :status: 200
          server: nghttpd nghttp2/1.70.0
          cache-control: max-age=3600
          date: Wed, 30 Sep 2026 14:23:53 GMT
          content-length: 256
          last-modified: Wed, 30 Sep 2026 14:23:53 GMT
          trailer: x-final
[id=2] [  0.586] send DATA frame <length=256, flags=0x00, stream_id=325>
[id=2] [  0.586] send HEADERS frame <length=1, flags=0x05, stream_id=325>
          ; END_STREAM | END_HEADERS
          (padlen=0)
          x-final: yes
[id=2] [  0.586] stream_id=325 closed
[id=2] [  0.586] recv (stream_id=327) :authority: localhost:63924
[id=2] [  0.586] recv (stream_id=327) :method: GET
[id=2] [  0.586] recv (stream_id=327) :path: /bytes
[id=2] [  0.586] recv (stream_id=327) :scheme: https
[id=2] [  0.586] recv (stream_id=327, sensitive) content-length: 0
[id=2] [  0.586] recv HEADERS frame <length=8, flags=0x05, stream_id=327>
          ; END_STREAM | END_HEADERS
          (padlen=0)
          ; Open new stream
[id=2] [  0.586] send HEADERS frame <length=12, flags=0x04, stream_id=327>
          ; END_HEADERS
          (padlen=0)
          ; First response header
          :status: 200
          server: nghttpd nghttp2/1.70.0
          cache-control: max-age=3600
          date: Wed, 30 Sep 2026 14:23:53 GMT
          content-length: 256
          last-modified: Wed, 30 Sep 2026 14:23:53 GMT
          trailer: x-final
[id=2] [  0.586] send DATA frame <length=256, flags=0x00, stream_id=327>
[id=2] [  0.586] send HEADERS frame <length=1, flags=0x05, stream_id=327>
          ; END_STREAM | END_HEADERS
          (padlen=0)
          x-final: yes
[id=2] [  0.586] stream_id=327 closed
[id=2] [  0.586] recv (stream_id=329) :authority: localhost:63924
[id=2] [  0.586] recv (stream_id=329) :method: GET
[id=2] [  0.586] recv (stream_id=329) :path: /bytes
[id=2] [  0.586] recv (stream_id=329) :scheme: https
[id=2] [  0.586] recv (stream_id=329, sensitive) content-length: 0
[id=2] [  0.586] recv HEADERS frame <length=8, flags=0x05, stream_id=329>
          ; END_STREAM | END_HEADERS
          (padlen=0)
          ; Open new stream
[id=2] [  0.586] send HEADERS frame <length=12, flags=0x04, stream_id=329>
          ; END_HEADERS
          (padlen=0)
          ; First response header
          :status: 200
          server: nghttpd nghttp2/1.70.0
          cache-control: max-age=3600
          date: Wed, 30 Sep 2026 14:23:53 GMT
          content-length: 256
          last-modified: Wed, 30 Sep 2026 14:23:53 GMT
          trailer: x-final
[id=2] [  0.586] send DATA frame <length=256, flags=0x00, stream_id=329>
[id=2] [  0.586] send HEADERS frame <length=1, flags=0x05, stream_id=329>
          ; END_STREAM | END_HEADERS
          (padlen=0)
          x-final: yes
[id=2] [  0.586] stream_id=329 closed
[id=2] [  0.586] recv (stream_id=331) :authority: localhost:63924
[id=2] [  0.586] recv (stream_id=331) :method: GET
[id=2] [  0.586] recv (stream_id=331) :path: /bytes
[id=2] [  0.586] recv (stream_id=331) :scheme: https
[id=2] [  0.586] recv (stream_id=331, sensitive) content-length: 0
[id=2] [  0.586] recv HEADERS frame <length=8, flags=0x05, stream_id=331>
          ; END_STREAM | END_HEADERS
          (padlen=0)
          ; Open new stream
[id=2] [  0.586] send HEADERS frame <length=12, flags=0x04, stream_id=331>
          ; END_HEADERS
          (padlen=0)
          ; First response header
          :status: 200
          server: nghttpd nghttp2/1.70.0
          cache-control: max-age=3600
          date: Wed, 30 Sep 2026 14:23:53 GMT
          content-length: 256
          last-modified: Wed, 30 Sep 2026 14:23:53 GMT
          trailer: x-final
[id=2] [  0.586] send DATA frame <length=256, flags=0x00, stream_id=331>
[id=2] [  0.586] send HEADERS frame <length=1, flags=0x05, stream_id=331>
          ; END_STREAM | END_HEADERS
          (padlen=0)
          x-final: yes
[id=2] [  0.586] stream_id=331 closed
[id=2] [  0.586] recv (stream_id=333) :authority: localhost:63924
[id=2] [  0.586] recv (stream_id=333) :method: GET
[id=2] [  0.586] recv (stream_id=333) :path: /bytes
[id=2] [  0.586] recv (stream_id=333) :scheme: https
[id=2] [  0.586] recv (stream_id=333, sensitive) content-length: 0
[id=2] [  0.586] recv HEADERS frame <length=8, flags=0x05, stream_id=333>
          ; END_STREAM | END_HEADERS
          (padlen=0)
          ; Open new stream
[id=2] [  0.586] send HEADERS frame <length=12, flags=0x04, stream_id=333>
          ; END_HEADERS
          (padlen=0)
          ; First response header
          :status: 200
          server: nghttpd nghttp2/1.70.0
          cache-control: max-age=3600
          date: Wed, 30 Sep 2026 14:23:53 GMT
          content-length: 256
          last-modified: Wed, 30 Sep 2026 14:23:53 GMT
          trailer: x-final
[id=2] [  0.586] send DATA frame <length=256, flags=0x00, stream_id=333>
[id=2] [  0.586] send HEADERS frame <length=1, flags=0x05, stream_id=333>
          ; END_STREAM | END_HEADERS
          (padlen=0)
          x-final: yes
[id=2] [  0.586] stream_id=333 closed
[id=2] [  0.586] recv (stream_id=335) :authority: localhost:63924
[id=2] [  0.586] recv (stream_id=335) :method: GET
[id=2] [  0.586] recv (stream_id=335) :path: /bytes
[id=2] [  0.586] recv (stream_id=335) :scheme: https
[id=2] [  0.586] recv (stream_id=335, sensitive) content-length: 0
[id=2] [  0.586] recv HEADERS frame <length=8, flags=0x05, stream_id=335>
          ; END_STREAM | END_HEADERS
          (padlen=0)
          ; Open new stream
[id=2] [  0.586] send HEADERS frame <length=12, flags=0x04, stream_id=335>
          ; END_HEADERS
          (padlen=0)
          ; First response header
          :status: 200
          server: nghttpd nghttp2/1.70.0
          cache-control: max-age=3600
          date: Wed, 30 Sep 2026 14:23:53 GMT
          content-length: 256
          last-modified: Wed, 30 Sep 2026 14:23:53 GMT
          trailer: x-final
[id=2] [  0.586] send DATA frame <length=256, flags=0x00, stream_id=335>
[id=2] [  0.586] send HEADERS frame <length=1, flags=0x05, stream_id=335>
          ; END_STREAM | END_HEADERS
          (padlen=0)
          x-final: yes
[id=2] [  0.586] stream_id=335 closed
[id=2] [  0.586] recv (stream_id=337) :authority: localhost:63924
[id=2] [  0.586] recv (stream_id=337) :method: GET
[id=2] [  0.586] recv (stream_id=337) :path: /bytes
[id=2] [  0.586] recv (stream_id=337) :scheme: https
[id=2] [  0.586] recv (stream_id=337, sensitive) content-length: 0
[id=2] [  0.586] recv HEADERS frame <length=8, flags=0x05, stream_id=337>
          ; END_STREAM | END_HEADERS
          (padlen=0)
          ; Open new stream
[id=2] [  0.586] send HEADERS frame <length=12, flags=0x04, stream_id=337>
          ; END_HEADERS
          (padlen=0)
          ; First response header
          :status: 200
          server: nghttpd nghttp2/1.70.0
          cache-control: max-age=3600
          date: Wed, 30 Sep 2026 14:23:53 GMT
          content-length: 256
          last-modified: Wed, 30 Sep 2026 14:23:53 GMT
          trailer: x-final
[id=2] [  0.586] send DATA frame <length=256, flags=0x00, stream_id=337>
[id=2] [  0.586] send HEADERS frame <length=1, flags=0x05, stream_id=337>
          ; END_STREAM | END_HEADERS
          (padlen=0)
          x-final: yes
[id=2] [  0.586] stream_id=337 closed
[id=2] [  0.586] recv (stream_id=339) :authority: localhost:63924
[id=2] [  0.586] recv (stream_id=339) :method: GET
[id=2] [  0.586] recv (stream_id=339) :path: /bytes
[id=2] [  0.586] recv (stream_id=339) :scheme: https
[id=2] [  0.586] recv (stream_id=339, sensitive) content-length: 0
[id=2] [  0.586] recv HEADERS frame <length=8, flags=0x05, stream_id=339>
          ; END_STREAM | END_HEADERS
          (padlen=0)
          ; Open new stream
[id=2] [  0.586] send HEADERS frame <length=12, flags=0x04, stream_id=339>
          ; END_HEADERS
          (padlen=0)
          ; First response header
          :status: 200
          server: nghttpd nghttp2/1.70.0
          cache-control: max-age=3600
          date: Wed, 30 Sep 2026 14:23:53 GMT
          content-length: 256
          last-modified: Wed, 30 Sep 2026 14:23:53 GMT
          trailer: x-final
[id=2] [  0.586] send DATA frame <length=256, flags=0x00, stream_id=339>
[id=2] [  0.586] send HEADERS frame <length=1, flags=0x05, stream_id=339>
          ; END_STREAM | END_HEADERS
          (padlen=0)
          x-final: yes
[id=2] [  0.586] stream_id=339 closed
[id=2] [  0.586] recv (stream_id=341) :authority: localhost:63924
[id=2] [  0.586] recv (stream_id=341) :method: GET
[id=2] [  0.586] recv (stream_id=341) :path: /bytes
[id=2] [  0.586] recv (stream_id=341) :scheme: https
[id=2] [  0.586] recv (stream_id=341, sensitive) content-length: 0
[id=2] [  0.586] recv HEADERS frame <length=8, flags=0x05, stream_id=341>
          ; END_STREAM | END_HEADERS
          (padlen=0)
          ; Open new stream
[id=2] [  0.586] send HEADERS frame <length=12, flags=0x04, stream_id=341>
          ; END_HEADERS
          (padlen=0)
          ; First response header
          :status: 200
          server: nghttpd nghttp2/1.70.0
          cache-control: max-age=3600
          date: Wed, 30 Sep 2026 14:23:53 GMT
          content-length: 256
          last-modified: Wed, 30 Sep 2026 14:23:53 GMT
          trailer: x-final
[id=2] [  0.586] send DATA frame <length=256, flags=0x00, stream_id=341>
[id=2] [  0.586] send HEADERS frame <length=1, flags=0x05, stream_id=341>
          ; END_STREAM | END_HEADERS
          (padlen=0)
          x-final: yes
[id=2] [  0.586] stream_id=341 closed
[id=2] [  0.586] recv (stream_id=343) :authority: localhost:63924
[id=2] [  0.586] recv (stream_id=343) :method: GET
[id=2] [  0.586] recv (stream_id=343) :path: /bytes
[id=2] [  0.586] recv (stream_id=343) :scheme: https
[id=2] [  0.586] recv (stream_id=343, sensitive) content-length: 0
[id=2] [  0.586] recv HEADERS frame <length=8, flags=0x05, stream_id=343>
          ; END_STREAM | END_HEADERS
          (padlen=0)
          ; Open new stream
[id=2] [  0.586] send HEADERS frame <length=12, flags=0x04, stream_id=343>
          ; END_HEADERS
          (padlen=0)
          ; First response header
          :status: 200
          server: nghttpd nghttp2/1.70.0
          cache-control: max-age=3600
          date: Wed, 30 Sep 2026 14:23:53 GMT
          content-length: 256
          last-modified: Wed, 30 Sep 2026 14:23:53 GMT
          trailer: x-final
[id=2] [  0.586] send DATA frame <length=256, flags=0x00, stream_id=343>
[id=2] [  0.586] send HEADERS frame <length=1, flags=0x05, stream_id=343>
          ; END_STREAM | END_HEADERS
          (padlen=0)
          x-final: yes
[id=2] [  0.586] stream_id=343 closed
[id=2] [  0.586] recv (stream_id=345) :authority: localhost:63924
[id=2] [  0.586] recv (stream_id=345) :method: GET
[id=2] [  0.586] recv (stream_id=345) :path: /bytes
[id=2] [  0.586] recv (stream_id=345) :scheme: https
[id=2] [  0.586] recv (stream_id=345, sensitive) content-length: 0
[id=2] [  0.586] recv HEADERS frame <length=8, flags=0x05, stream_id=345>
          ; END_STREAM | END_HEADERS
          (padlen=0)
          ; Open new stream
[id=2] [  0.586] send HEADERS frame <length=12, flags=0x04, stream_id=345>
          ; END_HEADERS
          (padlen=0)
          ; First response header
          :status: 200
          server: nghttpd nghttp2/1.70.0
          cache-control: max-age=3600
          date: Wed, 30 Sep 2026 14:23:53 GMT
          content-length: 256
          last-modified: Wed, 30 Sep 2026 14:23:53 GMT
          trailer: x-final
[id=2] [  0.586] send DATA frame <length=256, flags=0x00, stream_id=345>
[id=2] [  0.586] send HEADERS frame <length=1, flags=0x05, stream_id=345>
          ; END_STREAM | END_HEADERS
          (padlen=0)
          x-final: yes
[id=2] [  0.586] stream_id=345 closed
[id=2] [  0.586] recv (stream_id=347) :authority: localhost:63924
[id=2] [  0.586] recv (stream_id=347) :method: GET
[id=2] [  0.586] recv (stream_id=347) :path: /bytes
[id=2] [  0.586] recv (stream_id=347) :scheme: https
[id=2] [  0.586] recv (stream_id=347, sensitive) content-length: 0
[id=2] [  0.586] recv HEADERS frame <length=8, flags=0x05, stream_id=347>
          ; END_STREAM | END_HEADERS
          (padlen=0)
          ; Open new stream
[id=2] [  0.586] send HEADERS frame <length=12, flags=0x04, stream_id=347>
          ; END_HEADERS
          (padlen=0)
          ; First response header
          :status: 200
          server: nghttpd nghttp2/1.70.0
          cache-control: max-age=3600
          date: Wed, 30 Sep 2026 14:23:53 GMT
          content-length: 256
          last-modified: Wed, 30 Sep 2026 14:23:53 GMT
          trailer: x-final
[id=2] [  0.586] send DATA frame <length=256, flags=0x00, stream_id=347>
[id=2] [  0.586] send HEADERS frame <length=1, flags=0x05, stream_id=347>
          ; END_STREAM | END_HEADERS
          (padlen=0)
          x-final: yes
[id=2] [  0.586] stream_id=347 closed
[id=2] [  0.586] recv (stream_id=349) :authority: localhost:63924
[id=2] [  0.586] recv (stream_id=349) :method: GET
[id=2] [  0.586] recv (stream_id=349) :path: /bytes
[id=2] [  0.586] recv (stream_id=349) :scheme: https
[id=2] [  0.586] recv (stream_id=349, sensitive) content-length: 0
[id=2] [  0.586] recv HEADERS frame <length=8, flags=0x05, stream_id=349>
          ; END_STREAM | END_HEADERS
          (padlen=0)
          ; Open new stream
[id=2] [  0.586] send HEADERS frame <length=12, flags=0x04, stream_id=349>
          ; END_HEADERS
          (padlen=0)
          ; First response header
          :status: 200
          server: nghttpd nghttp2/1.70.0
          cache-control: max-age=3600
          date: Wed, 30 Sep 2026 14:23:53 GMT
          content-length: 256
          last-modified: Wed, 30 Sep 2026 14:23:53 GMT
          trailer: x-final
[id=2] [  0.586] send DATA frame <length=256, flags=0x00, stream_id=349>
[id=2] [  0.586] send HEADERS frame <length=1, flags=0x05, stream_id=349>
          ; END_STREAM | END_HEADERS
          (padlen=0)
          x-final: yes
[id=2] [  0.586] stream_id=349 closed
[id=2] [  0.586] recv (stream_id=351) :authority: localhost:63924
[id=2] [  0.586] recv (stream_id=351) :method: GET
[id=2] [  0.586] recv (stream_id=351) :path: /bytes
[id=2] [  0.586] recv (stream_id=351) :scheme: https
[id=2] [  0.586] recv (stream_id=351, sensitive) content-length: 0
[id=2] [  0.586] recv HEADERS frame <length=8, flags=0x05, stream_id=351>
          ; END_STREAM | END_HEADERS
          (padlen=0)
          ; Open new stream
[id=2] [  0.586] send HEADERS frame <length=12, flags=0x04, stream_id=351>
          ; END_HEADERS
          (padlen=0)
          ; First response header
          :status: 200
          server: nghttpd nghttp2/1.70.0
          cache-control: max-age=3600
          date: Wed, 30 Sep 2026 14:23:53 GMT
          content-length: 256
          last-modified: Wed, 30 Sep 2026 14:23:53 GMT
          trailer: x-final
[id=2] [  0.586] send DATA frame <length=256, flags=0x00, stream_id=351>
[id=2] [  0.586] send HEADERS frame <length=1, flags=0x05, stream_id=351>
          ; END_STREAM | END_HEADERS
          (padlen=0)
          x-final: yes
[id=2] [  0.586] stream_id=351 closed
[id=2] [  0.587] recv (stream_id=353) :authority: localhost:63924
[id=2] [  0.587] recv (stream_id=353) :method: GET
[id=2] [  0.587] recv (stream_id=353) :path: /bytes
[id=2] [  0.587] recv (stream_id=353) :scheme: https
[id=2] [  0.587] recv (stream_id=353, sensitive) content-length: 0
[id=2] [  0.587] recv HEADERS frame <length=8, flags=0x05, stream_id=353>
          ; END_STREAM | END_HEADERS
          (padlen=0)
          ; Open new stream
[id=2] [  0.587] send HEADERS frame <length=12, flags=0x04, stream_id=353>
          ; END_HEADERS
          (padlen=0)
          ; First response header
          :status: 200
          server: nghttpd nghttp2/1.70.0
          cache-control: max-age=3600
          date: Wed, 30 Sep 2026 14:23:53 GMT
          content-length: 256
          last-modified: Wed, 30 Sep 2026 14:23:53 GMT
          trailer: x-final
[id=2] [  0.587] send DATA frame <length=256, flags=0x00, stream_id=353>
[id=2] [  0.587] send HEADERS frame <length=1, flags=0x05, stream_id=353>
          ; END_STREAM | END_HEADERS
          (padlen=0)
          x-final: yes
[id=2] [  0.587] stream_id=353 closed
[id=2] [  0.587] recv (stream_id=355) :authority: localhost:63924
[id=2] [  0.587] recv (stream_id=355) :method: GET
[id=2] [  0.587] recv (stream_id=355) :path: /bytes
[id=2] [  0.587] recv (stream_id=355) :scheme: https
[id=2] [  0.587] recv (stream_id=355, sensitive) content-length: 0
[id=2] [  0.587] recv HEADERS frame <length=8, flags=0x05, stream_id=355>
          ; END_STREAM | END_HEADERS
          (padlen=0)
          ; Open new stream
[id=2] [  0.587] send HEADERS frame <length=12, flags=0x04, stream_id=355>
          ; END_HEADERS
          (padlen=0)
          ; First response header
          :status: 200
          server: nghttpd nghttp2/1.70.0
          cache-control: max-age=3600
          date: Wed, 30 Sep 2026 14:23:53 GMT
          content-length: 256
          last-modified: Wed, 30 Sep 2026 14:23:53 GMT
          trailer: x-final
[id=2] [  0.587] send DATA frame <length=256, flags=0x00, stream_id=355>
[id=2] [  0.587] send HEADERS frame <length=1, flags=0x05, stream_id=355>
          ; END_STREAM | END_HEADERS
          (padlen=0)
          x-final: yes
[id=2] [  0.587] stream_id=355 closed
[id=2] [  0.587] recv (stream_id=357) :authority: localhost:63924
[id=2] [  0.587] recv (stream_id=357) :method: GET
[id=2] [  0.587] recv (stream_id=357) :path: /bytes
[id=2] [  0.587] recv (stream_id=357) :scheme: https
[id=2] [  0.587] recv (stream_id=357, sensitive) content-length: 0
[id=2] [  0.587] recv HEADERS frame <length=8, flags=0x05, stream_id=357>
          ; END_STREAM | END_HEADERS
          (padlen=0)
          ; Open new stream
[id=2] [  0.587] send HEADERS frame <length=12, flags=0x04, stream_id=357>
          ; END_HEADERS
          (padlen=0)
          ; First response header
          :status: 200
          server: nghttpd nghttp2/1.70.0
          cache-control: max-age=3600
          date: Wed, 30 Sep 2026 14:23:53 GMT
          content-length: 256
          last-modified: Wed, 30 Sep 2026 14:23:53 GMT
          trailer: x-final
[id=2] [  0.587] send DATA frame <length=256, flags=0x00, stream_id=357>
[id=2] [  0.587] send HEADERS frame <length=1, flags=0x05, stream_id=357>
          ; END_STREAM | END_HEADERS
          (padlen=0)
          x-final: yes
[id=2] [  0.587] stream_id=357 closed
[id=2] [  0.587] recv (stream_id=359) :authority: localhost:63924
[id=2] [  0.587] recv (stream_id=359) :method: GET
[id=2] [  0.587] recv (stream_id=359) :path: /bytes
[id=2] [  0.587] recv (stream_id=359) :scheme: https
[id=2] [  0.587] recv (stream_id=359, sensitive) content-length: 0
[id=2] [  0.587] recv HEADERS frame <length=8, flags=0x05, stream_id=359>
          ; END_STREAM | END_HEADERS
          (padlen=0)
          ; Open new stream
[id=2] [  0.587] send HEADERS frame <length=12, flags=0x04, stream_id=359>
          ; END_HEADERS
          (padlen=0)
          ; First response header
          :status: 200
          server: nghttpd nghttp2/1.70.0
          cache-control: max-age=3600
          date: Wed, 30 Sep 2026 14:23:53 GMT
          content-length: 256
          last-modified: Wed, 30 Sep 2026 14:23:53 GMT
          trailer: x-final
[id=2] [  0.587] send DATA frame <length=256, flags=0x00, stream_id=359>
[id=2] [  0.587] send HEADERS frame <length=1, flags=0x05, stream_id=359>
          ; END_STREAM | END_HEADERS
          (padlen=0)
          x-final: yes
[id=2] [  0.587] stream_id=359 closed
[id=2] [  0.587] recv (stream_id=361) :authority: localhost:63924
[id=2] [  0.587] recv (stream_id=361) :method: GET
[id=2] [  0.587] recv (stream_id=361) :path: /bytes
[id=2] [  0.587] recv (stream_id=361) :scheme: https
[id=2] [  0.587] recv (stream_id=361, sensitive) content-length: 0
[id=2] [  0.587] recv HEADERS frame <length=8, flags=0x05, stream_id=361>
          ; END_STREAM | END_HEADERS
          (padlen=0)
          ; Open new stream
[id=2] [  0.587] send HEADERS frame <length=12, flags=0x04, stream_id=361>
          ; END_HEADERS
          (padlen=0)
          ; First response header
          :status: 200
          server: nghttpd nghttp2/1.70.0
          cache-control: max-age=3600
          date: Wed, 30 Sep 2026 14:23:53 GMT
          content-length: 256
          last-modified: Wed, 30 Sep 2026 14:23:53 GMT
          trailer: x-final
[id=2] [  0.587] send DATA frame <length=256, flags=0x00, stream_id=361>
[id=2] [  0.587] send HEADERS frame <length=1, flags=0x05, stream_id=361>
          ; END_STREAM | END_HEADERS
          (padlen=0)
          x-final: yes
[id=2] [  0.587] stream_id=361 closed
[id=2] [  0.587] recv (stream_id=363) :authority: localhost:63924
[id=2] [  0.587] recv (stream_id=363) :method: GET
[id=2] [  0.587] recv (stream_id=363) :path: /bytes
[id=2] [  0.587] recv (stream_id=363) :scheme: https
[id=2] [  0.587] recv (stream_id=363, sensitive) content-length: 0
[id=2] [  0.587] recv HEADERS frame <length=8, flags=0x05, stream_id=363>
          ; END_STREAM | END_HEADERS
          (padlen=0)
          ; Open new stream
[id=2] [  0.587] send HEADERS frame <length=12, flags=0x04, stream_id=363>
          ; END_HEADERS
          (padlen=0)
          ; First response header
          :status: 200
          server: nghttpd nghttp2/1.70.0
          cache-control: max-age=3600
          date: Wed, 30 Sep 2026 14:23:53 GMT
          content-length: 256
          last-modified: Wed, 30 Sep 2026 14:23:53 GMT
          trailer: x-final
[id=2] [  0.587] send DATA frame <length=256, flags=0x00, stream_id=363>
[id=2] [  0.587] send HEADERS frame <length=1, flags=0x05, stream_id=363>
          ; END_STREAM | END_HEADERS
          (padlen=0)
          x-final: yes
[id=2] [  0.587] stream_id=363 closed
[id=2] [  0.587] recv (stream_id=365) :authority: localhost:63924
[id=2] [  0.587] recv (stream_id=365) :method: GET
[id=2] [  0.587] recv (stream_id=365) :path: /bytes
[id=2] [  0.587] recv (stream_id=365) :scheme: https
[id=2] [  0.587] recv (stream_id=365, sensitive) content-length: 0
[id=2] [  0.587] recv HEADERS frame <length=8, flags=0x05, stream_id=365>
          ; END_STREAM | END_HEADERS
          (padlen=0)
          ; Open new stream
[id=2] [  0.587] send HEADERS frame <length=12, flags=0x04, stream_id=365>
          ; END_HEADERS
          (padlen=0)
          ; First response header
          :status: 200
          server: nghttpd nghttp2/1.70.0
          cache-control: max-age=3600
          date: Wed, 30 Sep 2026 14:23:53 GMT
          content-length: 256
          last-modified: Wed, 30 Sep 2026 14:23:53 GMT
          trailer: x-final
[id=2] [  0.587] send DATA frame <length=256, flags=0x00, stream_id=365>
[id=2] [  0.587] send HEADERS frame <length=1, flags=0x05, stream_id=365>
          ; END_STREAM | END_HEADERS
          (padlen=0)
          x-final: yes
[id=2] [  0.587] stream_id=365 closed
[id=2] [  0.587] recv (stream_id=367) :authority: localhost:63924
[id=2] [  0.587] recv (stream_id=367) :method: GET
[id=2] [  0.587] recv (stream_id=367) :path: /bytes
[id=2] [  0.587] recv (stream_id=367) :scheme: https
[id=2] [  0.587] recv (stream_id=367, sensitive) content-length: 0
[id=2] [  0.587] recv HEADERS frame <length=8, flags=0x05, stream_id=367>
          ; END_STREAM | END_HEADERS
          (padlen=0)
          ; Open new stream
[id=2] [  0.587] send HEADERS frame <length=12, flags=0x04, stream_id=367>
          ; END_HEADERS
          (padlen=0)
          ; First response header
          :status: 200
          server: nghttpd nghttp2/1.70.0
          cache-control: max-age=3600
          date: Wed, 30 Sep 2026 14:23:53 GMT
          content-length: 256
          last-modified: Wed, 30 Sep 2026 14:23:53 GMT
          trailer: x-final
[id=2] [  0.587] send DATA frame <length=256, flags=0x00, stream_id=367>
[id=2] [  0.587] send HEADERS frame <length=1, flags=0x05, stream_id=367>
          ; END_STREAM | END_HEADERS
          (padlen=0)
          x-final: yes
[id=2] [  0.587] stream_id=367 closed
[id=2] [  0.587] recv (stream_id=369) :authority: localhost:63924
[id=2] [  0.587] recv (stream_id=369) :method: GET
[id=2] [  0.587] recv (stream_id=369) :path: /bytes
[id=2] [  0.587] recv (stream_id=369) :scheme: https
[id=2] [  0.587] recv (stream_id=369, sensitive) content-length: 0
[id=2] [  0.587] recv HEADERS frame <length=8, flags=0x05, stream_id=369>
          ; END_STREAM | END_HEADERS
          (padlen=0)
          ; Open new stream
[id=2] [  0.587] send HEADERS frame <length=12, flags=0x04, stream_id=369>
          ; END_HEADERS
          (padlen=0)
          ; First response header
          :status: 200
          server: nghttpd nghttp2/1.70.0
          cache-control: max-age=3600
          date: Wed, 30 Sep 2026 14:23:53 GMT
          content-length: 256
          last-modified: Wed, 30 Sep 2026 14:23:53 GMT
          trailer: x-final
[id=2] [  0.587] send DATA frame <length=256, flags=0x00, stream_id=369>
[id=2] [  0.587] send HEADERS frame <length=1, flags=0x05, stream_id=369>
          ; END_STREAM | END_HEADERS
          (padlen=0)
          x-final: yes
[id=2] [  0.587] stream_id=369 closed
[id=2] [  0.587] recv (stream_id=371) :authority: localhost:63924
[id=2] [  0.587] recv (stream_id=371) :method: GET
[id=2] [  0.587] recv (stream_id=371) :path: /bytes
[id=2] [  0.587] recv (stream_id=371) :scheme: https
[id=2] [  0.587] recv (stream_id=371, sensitive) content-length: 0
[id=2] [  0.587] recv HEADERS frame <length=8, flags=0x05, stream_id=371>
          ; END_STREAM | END_HEADERS
          (padlen=0)
          ; Open new stream
[id=2] [  0.587] send HEADERS frame <length=12, flags=0x04, stream_id=371>
          ; END_HEADERS
          (padlen=0)
          ; First response header
          :status: 200
          server: nghttpd nghttp2/1.70.0
          cache-control: max-age=3600
          date: Wed, 30 Sep 2026 14:23:53 GMT
          content-length: 256
          last-modified: Wed, 30 Sep 2026 14:23:53 GMT
          trailer: x-final
[id=2] [  0.587] send DATA frame <length=256, flags=0x00, stream_id=371>
[id=2] [  0.587] send HEADERS frame <length=1, flags=0x05, stream_id=371>
          ; END_STREAM | END_HEADERS
          (padlen=0)
          x-final: yes
[id=2] [  0.587] stream_id=371 closed
[id=2] [  0.587] recv (stream_id=373) :authority: localhost:63924
[id=2] [  0.587] recv (stream_id=373) :method: GET
[id=2] [  0.587] recv (stream_id=373) :path: /bytes
[id=2] [  0.587] recv (stream_id=373) :scheme: https
[id=2] [  0.587] recv (stream_id=373, sensitive) content-length: 0
[id=2] [  0.587] recv HEADERS frame <length=8, flags=0x05, stream_id=373>
          ; END_STREAM | END_HEADERS
          (padlen=0)
          ; Open new stream
[id=2] [  0.587] send HEADERS frame <length=12, flags=0x04, stream_id=373>
          ; END_HEADERS
          (padlen=0)
          ; First response header
          :status: 200
          server: nghttpd nghttp2/1.70.0
          cache-control: max-age=3600
          date: Wed, 30 Sep 2026 14:23:53 GMT
          content-length: 256
          last-modified: Wed, 30 Sep 2026 14:23:53 GMT
          trailer: x-final
[id=2] [  0.587] send DATA frame <length=256, flags=0x00, stream_id=373>
[id=2] [  0.587] send HEADERS frame <length=1, flags=0x05, stream_id=373>
          ; END_STREAM | END_HEADERS
          (padlen=0)
          x-final: yes
[id=2] [  0.587] stream_id=373 closed
[id=2] [  0.587] recv (stream_id=375) :authority: localhost:63924
[id=2] [  0.587] recv (stream_id=375) :method: GET
[id=2] [  0.587] recv (stream_id=375) :path: /bytes
[id=2] [  0.587] recv (stream_id=375) :scheme: https
[id=2] [  0.587] recv (stream_id=375, sensitive) content-length: 0
[id=2] [  0.587] recv HEADERS frame <length=8, flags=0x05, stream_id=375>
          ; END_STREAM | END_HEADERS
          (padlen=0)
          ; Open new stream
[id=2] [  0.587] send HEADERS frame <length=12, flags=0x04, stream_id=375>
          ; END_HEADERS
          (padlen=0)
          ; First response header
          :status: 200
          server: nghttpd nghttp2/1.70.0
          cache-control: max-age=3600
          date: Wed, 30 Sep 2026 14:23:53 GMT
          content-length: 256
          last-modified: Wed, 30 Sep 2026 14:23:53 GMT
          trailer: x-final
[id=2] [  0.587] send DATA frame <length=256, flags=0x00, stream_id=375>
[id=2] [  0.587] send HEADERS frame <length=1, flags=0x05, stream_id=375>
          ; END_STREAM | END_HEADERS
          (padlen=0)
          x-final: yes
[id=2] [  0.587] stream_id=375 closed
[id=2] [  0.587] recv (stream_id=377) :authority: localhost:63924
[id=2] [  0.587] recv (stream_id=377) :method: GET
[id=2] [  0.587] recv (stream_id=377) :path: /bytes
[id=2] [  0.587] recv (stream_id=377) :scheme: https
[id=2] [  0.587] recv (stream_id=377, sensitive) content-length: 0
[id=2] [  0.587] recv HEADERS frame <length=8, flags=0x05, stream_id=377>
          ; END_STREAM | END_HEADERS
          (padlen=0)
          ; Open new stream
[id=2] [  0.587] send HEADERS frame <length=12, flags=0x04, stream_id=377>
          ; END_HEADERS
          (padlen=0)
          ; First response header
          :status: 200
          server: nghttpd nghttp2/1.70.0
          cache-control: max-age=3600
          date: Wed, 30 Sep 2026 14:23:53 GMT
          content-length: 256
          last-modified: Wed, 30 Sep 2026 14:23:53 GMT
          trailer: x-final
[id=2] [  0.587] send DATA frame <length=256, flags=0x00, stream_id=377>
[id=2] [  0.587] send HEADERS frame <length=1, flags=0x05, stream_id=377>
          ; END_STREAM | END_HEADERS
          (padlen=0)
          x-final: yes
[id=2] [  0.587] stream_id=377 closed
[id=2] [  0.588] recv (stream_id=379) :authority: localhost:63924
[id=2] [  0.588] recv (stream_id=379) :method: GET
[id=2] [  0.588] recv (stream_id=379) :path: /bytes
[id=2] [  0.588] recv (stream_id=379) :scheme: https
[id=2] [  0.588] recv (stream_id=379, sensitive) content-length: 0
[id=2] [  0.588] recv HEADERS frame <length=8, flags=0x05, stream_id=379>
          ; END_STREAM | END_HEADERS
          (padlen=0)
          ; Open new stream
[id=2] [  0.588] send HEADERS frame <length=12, flags=0x04, stream_id=379>
          ; END_HEADERS
          (padlen=0)
          ; First response header
          :status: 200
          server: nghttpd nghttp2/1.70.0
          cache-control: max-age=3600
          date: Wed, 30 Sep 2026 14:23:53 GMT
          content-length: 256
          last-modified: Wed, 30 Sep 2026 14:23:53 GMT
          trailer: x-final
[id=2] [  0.588] send DATA frame <length=256, flags=0x00, stream_id=379>
[id=2] [  0.588] send HEADERS frame <length=1, flags=0x05, stream_id=379>
          ; END_STREAM | END_HEADERS
          (padlen=0)
          x-final: yes
[id=2] [  0.588] stream_id=379 closed
[id=2] [  0.588] recv (stream_id=381) :authority: localhost:63924
[id=2] [  0.588] recv (stream_id=381) :method: GET
[id=2] [  0.588] recv (stream_id=381) :path: /bytes
[id=2] [  0.588] recv (stream_id=381) :scheme: https
[id=2] [  0.588] recv (stream_id=381, sensitive) content-length: 0
[id=2] [  0.588] recv HEADERS frame <length=8, flags=0x05, stream_id=381>
          ; END_STREAM | END_HEADERS
          (padlen=0)
          ; Open new stream
[id=2] [  0.588] send HEADERS frame <length=12, flags=0x04, stream_id=381>
          ; END_HEADERS
          (padlen=0)
          ; First response header
          :status: 200
          server: nghttpd nghttp2/1.70.0
          cache-control: max-age=3600
          date: Wed, 30 Sep 2026 14:23:53 GMT
          content-length: 256
          last-modified: Wed, 30 Sep 2026 14:23:53 GMT
          trailer: x-final
[id=2] [  0.588] send DATA frame <length=256, flags=0x00, stream_id=381>
[id=2] [  0.588] send HEADERS frame <length=1, flags=0x05, stream_id=381>
          ; END_STREAM | END_HEADERS
          (padlen=0)
          x-final: yes
[id=2] [  0.588] stream_id=381 closed
[id=2] [  0.588] recv (stream_id=383) :authority: localhost:63924
[id=2] [  0.588] recv (stream_id=383) :method: GET
[id=2] [  0.588] recv (stream_id=383) :path: /bytes
[id=2] [  0.588] recv (stream_id=383) :scheme: https
[id=2] [  0.588] recv (stream_id=383, sensitive) content-length: 0
[id=2] [  0.588] recv HEADERS frame <length=8, flags=0x05, stream_id=383>
          ; END_STREAM | END_HEADERS
          (padlen=0)
          ; Open new stream
[id=2] [  0.588] send HEADERS frame <length=12, flags=0x04, stream_id=383>
          ; END_HEADERS
          (padlen=0)
          ; First response header
          :status: 200
          server: nghttpd nghttp2/1.70.0
          cache-control: max-age=3600
          date: Wed, 30 Sep 2026 14:23:53 GMT
          content-length: 256
          last-modified: Wed, 30 Sep 2026 14:23:53 GMT
          trailer: x-final
[id=2] [  0.588] send DATA frame <length=256, flags=0x00, stream_id=383>
[id=2] [  0.588] send HEADERS frame <length=1, flags=0x05, stream_id=383>
          ; END_STREAM | END_HEADERS
          (padlen=0)
          x-final: yes
[id=2] [  0.588] stream_id=383 closed
[id=2] [  0.588] recv (stream_id=385) :authority: localhost:63924
[id=2] [  0.588] recv (stream_id=385) :method: GET
[id=2] [  0.588] recv (stream_id=385) :path: /bytes
[id=2] [  0.588] recv (stream_id=385) :scheme: https
[id=2] [  0.588] recv (stream_id=385, sensitive) content-length: 0
[id=2] [  0.588] recv HEADERS frame <length=8, flags=0x05, stream_id=385>
          ; END_STREAM | END_HEADERS
          (padlen=0)
          ; Open new stream
[id=2] [  0.588] send HEADERS frame <length=12, flags=0x04, stream_id=385>
          ; END_HEADERS
          (padlen=0)
          ; First response header
          :status: 200
          server: nghttpd nghttp2/1.70.0
          cache-control: max-age=3600
          date: Wed, 30 Sep 2026 14:23:53 GMT
          content-length: 256
          last-modified: Wed, 30 Sep 2026 14:23:53 GMT
          trailer: x-final
[id=2] [  0.588] send DATA frame <length=256, flags=0x00, stream_id=385>
[id=2] [  0.588] send HEADERS frame <length=1, flags=0x05, stream_id=385>
          ; END_STREAM | END_HEADERS
          (padlen=0)
          x-final: yes
[id=2] [  0.588] stream_id=385 closed
[id=2] [  0.588] recv (stream_id=387) :authority: localhost:63924
[id=2] [  0.588] recv (stream_id=387) :method: GET
[id=2] [  0.588] recv (stream_id=387) :path: /bytes
[id=2] [  0.588] recv (stream_id=387) :scheme: https
[id=2] [  0.588] recv (stream_id=387, sensitive) content-length: 0
[id=2] [  0.588] recv HEADERS frame <length=8, flags=0x05, stream_id=387>
          ; END_STREAM | END_HEADERS
          (padlen=0)
          ; Open new stream
[id=2] [  0.588] send HEADERS frame <length=12, flags=0x04, stream_id=387>
          ; END_HEADERS
          (padlen=0)
          ; First response header
          :status: 200
          server: nghttpd nghttp2/1.70.0
          cache-control: max-age=3600
          date: Wed, 30 Sep 2026 14:23:53 GMT
          content-length: 256
          last-modified: Wed, 30 Sep 2026 14:23:53 GMT
          trailer: x-final
[id=2] [  0.588] send DATA frame <length=256, flags=0x00, stream_id=387>
[id=2] [  0.588] send HEADERS frame <length=1, flags=0x05, stream_id=387>
          ; END_STREAM | END_HEADERS
          (padlen=0)
          x-final: yes
[id=2] [  0.588] stream_id=387 closed
[id=2] [  0.588] recv (stream_id=389) :authority: localhost:63924
[id=2] [  0.588] recv (stream_id=389) :method: GET
[id=2] [  0.588] recv (stream_id=389) :path: /bytes
[id=2] [  0.588] recv (stream_id=389) :scheme: https
[id=2] [  0.588] recv (stream_id=389, sensitive) content-length: 0
[id=2] [  0.588] recv HEADERS frame <length=8, flags=0x05, stream_id=389>
          ; END_STREAM | END_HEADERS
          (padlen=0)
          ; Open new stream
[id=2] [  0.588] send HEADERS frame <length=12, flags=0x04, stream_id=389>
          ; END_HEADERS
          (padlen=0)
          ; First response header
          :status: 200
          server: nghttpd nghttp2/1.70.0
          cache-control: max-age=3600
          date: Wed, 30 Sep 2026 14:23:53 GMT
          content-length: 256
          last-modified: Wed, 30 Sep 2026 14:23:53 GMT
          trailer: x-final
[id=2] [  0.588] send DATA frame <length=256, flags=0x00, stream_id=389>
[id=2] [  0.588] send HEADERS frame <length=1, flags=0x05, stream_id=389>
          ; END_STREAM | END_HEADERS
          (padlen=0)
          x-final: yes
[id=2] [  0.588] stream_id=389 closed
[id=2] [  0.588] recv (stream_id=391) :authority: localhost:63924
[id=2] [  0.588] recv (stream_id=391) :method: GET
[id=2] [  0.588] recv (stream_id=391) :path: /bytes
[id=2] [  0.588] recv (stream_id=391) :scheme: https
[id=2] [  0.588] recv (stream_id=391, sensitive) content-length: 0
[id=2] [  0.588] recv HEADERS frame <length=8, flags=0x05, stream_id=391>
          ; END_STREAM | END_HEADERS
          (padlen=0)
          ; Open new stream
[id=2] [  0.588] send HEADERS frame <length=12, flags=0x04, stream_id=391>
          ; END_HEADERS
          (padlen=0)
          ; First response header
          :status: 200
          server: nghttpd nghttp2/1.70.0
          cache-control: max-age=3600
          date: Wed, 30 Sep 2026 14:23:53 GMT
          content-length: 256
          last-modified: Wed, 30 Sep 2026 14:23:53 GMT
          trailer: x-final
[id=2] [  0.588] send DATA frame <length=256, flags=0x00, stream_id=391>
[id=2] [  0.588] send HEADERS frame <length=1, flags=0x05, stream_id=391>
          ; END_STREAM | END_HEADERS
          (padlen=0)
          x-final: yes
[id=2] [  0.588] stream_id=391 closed
[id=2] [  0.588] recv (stream_id=393) :authority: localhost:63924
[id=2] [  0.588] recv (stream_id=393) :method: GET
[id=2] [  0.588] recv (stream_id=393) :path: /bytes
[id=2] [  0.588] recv (stream_id=393) :scheme: https
[id=2] [  0.588] recv (stream_id=393, sensitive) content-length: 0
[id=2] [  0.588] recv HEADERS frame <length=8, flags=0x05, stream_id=393>
          ; END_STREAM | END_HEADERS
          (padlen=0)
          ; Open new stream
[id=2] [  0.588] send HEADERS frame <length=12, flags=0x04, stream_id=393>
          ; END_HEADERS
          (padlen=0)
          ; First response header
          :status: 200
          server: nghttpd nghttp2/1.70.0
          cache-control: max-age=3600
          date: Wed, 30 Sep 2026 14:23:53 GMT
          content-length: 256
          last-modified: Wed, 30 Sep 2026 14:23:53 GMT
          trailer: x-final
[id=2] [  0.588] send DATA frame <length=256, flags=0x00, stream_id=393>
[id=2] [  0.588] send HEADERS frame <length=1, flags=0x05, stream_id=393>
          ; END_STREAM | END_HEADERS
          (padlen=0)
          x-final: yes
[id=2] [  0.588] stream_id=393 closed
[id=2] [  0.588] recv (stream_id=395) :authority: localhost:63924
[id=2] [  0.588] recv (stream_id=395) :method: GET
[id=2] [  0.588] recv (stream_id=395) :path: /bytes
[id=2] [  0.588] recv (stream_id=395) :scheme: https
[id=2] [  0.588] recv (stream_id=395, sensitive) content-length: 0
[id=2] [  0.588] recv HEADERS frame <length=8, flags=0x05, stream_id=395>
          ; END_STREAM | END_HEADERS
          (padlen=0)
          ; Open new stream
[id=2] [  0.588] send HEADERS frame <length=12, flags=0x04, stream_id=395>
          ; END_HEADERS
          (padlen=0)
          ; First response header
          :status: 200
          server: nghttpd nghttp2/1.70.0
          cache-control: max-age=3600
          date: Wed, 30 Sep 2026 14:23:53 GMT
          content-length: 256
          last-modified: Wed, 30 Sep 2026 14:23:53 GMT
          trailer: x-final
[id=2] [  0.588] send DATA frame <length=256, flags=0x00, stream_id=395>
[id=2] [  0.588] send HEADERS frame <length=1, flags=0x05, stream_id=395>
          ; END_STREAM | END_HEADERS
          (padlen=0)
          x-final: yes
[id=2] [  0.588] stream_id=395 closed
[id=2] [  0.588] recv (stream_id=397) :authority: localhost:63924
[id=2] [  0.588] recv (stream_id=397) :method: GET
[id=2] [  0.588] recv (stream_id=397) :path: /bytes
[id=2] [  0.588] recv (stream_id=397) :scheme: https
[id=2] [  0.588] recv (stream_id=397, sensitive) content-length: 0
[id=2] [  0.588] recv HEADERS frame <length=8, flags=0x05, stream_id=397>
          ; END_STREAM | END_HEADERS
          (padlen=0)
          ; Open new stream
[id=2] [  0.588] send HEADERS frame <length=12, flags=0x04, stream_id=397>
          ; END_HEADERS
          (padlen=0)
          ; First response header
          :status: 200
          server: nghttpd nghttp2/1.70.0
          cache-control: max-age=3600
          date: Wed, 30 Sep 2026 14:23:53 GMT
          content-length: 256
          last-modified: Wed, 30 Sep 2026 14:23:53 GMT
          trailer: x-final
[id=2] [  0.588] send DATA frame <length=256, flags=0x00, stream_id=397>
[id=2] [  0.588] send HEADERS frame <length=1, flags=0x05, stream_id=397>
          ; END_STREAM | END_HEADERS
          (padlen=0)
          x-final: yes
[id=2] [  0.588] stream_id=397 closed
[id=2] [  0.589] recv (stream_id=399) :authority: localhost:63924
[id=2] [  0.589] recv (stream_id=399) :method: GET
[id=2] [  0.589] recv (stream_id=399) :path: /bytes
[id=2] [  0.589] recv (stream_id=399) :scheme: https
[id=2] [  0.589] recv (stream_id=399, sensitive) content-length: 0
[id=2] [  0.589] recv HEADERS frame <length=8, flags=0x05, stream_id=399>
          ; END_STREAM | END_HEADERS
          (padlen=0)
          ; Open new stream
[id=2] [  0.589] send HEADERS frame <length=12, flags=0x04, stream_id=399>
          ; END_HEADERS
          (padlen=0)
          ; First response header
          :status: 200
          server: nghttpd nghttp2/1.70.0
          cache-control: max-age=3600
          date: Wed, 30 Sep 2026 14:23:53 GMT
          content-length: 256
          last-modified: Wed, 30 Sep 2026 14:23:53 GMT
          trailer: x-final
[id=2] [  0.589] send DATA frame <length=256, flags=0x00, stream_id=399>
[id=2] [  0.589] send HEADERS frame <length=1, flags=0x05, stream_id=399>
          ; END_STREAM | END_HEADERS
          (padlen=0)
          x-final: yes
[id=2] [  0.589] stream_id=399 closed
[id=2] [  0.589] recv (stream_id=401) :authority: localhost:63924
[id=2] [  0.589] recv (stream_id=401) :method: GET
[id=2] [  0.589] recv (stream_id=401) :path: /bytes
[id=2] [  0.589] recv (stream_id=401) :scheme: https
[id=2] [  0.589] recv (stream_id=401, sensitive) content-length: 0
[id=2] [  0.589] recv HEADERS frame <length=8, flags=0x05, stream_id=401>
          ; END_STREAM | END_HEADERS
          (padlen=0)
          ; Open new stream
[id=2] [  0.589] send HEADERS frame <length=12, flags=0x04, stream_id=401>
          ; END_HEADERS
          (padlen=0)
          ; First response header
          :status: 200
          server: nghttpd nghttp2/1.70.0
          cache-control: max-age=3600
          date: Wed, 30 Sep 2026 14:23:53 GMT
          content-length: 256
          last-modified: Wed, 30 Sep 2026 14:23:53 GMT
          trailer: x-final
[id=2] [  0.589] send DATA frame <length=256, flags=0x00, stream_id=401>
[id=2] [  0.589] send HEADERS frame <length=1, flags=0x05, stream_id=401>
          ; END_STREAM | END_HEADERS
          (padlen=0)
          x-final: yes
[id=2] [  0.589] stream_id=401 closed
[id=2] [  0.589] recv (stream_id=403) :authority: localhost:63924
[id=2] [  0.589] recv (stream_id=403) :method: GET
[id=2] [  0.589] recv (stream_id=403) :path: /bytes
[id=2] [  0.589] recv (stream_id=403) :scheme: https
[id=2] [  0.589] recv (stream_id=403, sensitive) content-length: 0
[id=2] [  0.589] recv HEADERS frame <length=8, flags=0x05, stream_id=403>
          ; END_STREAM | END_HEADERS
          (padlen=0)
          ; Open new stream
[id=2] [  0.589] send HEADERS frame <length=12, flags=0x04, stream_id=403>
          ; END_HEADERS
          (padlen=0)
          ; First response header
          :status: 200
          server: nghttpd nghttp2/1.70.0
          cache-control: max-age=3600
          date: Wed, 30 Sep 2026 14:23:53 GMT
          content-length: 256
          last-modified: Wed, 30 Sep 2026 14:23:53 GMT
          trailer: x-final
[id=2] [  0.589] send DATA frame <length=256, flags=0x00, stream_id=403>
[id=2] [  0.589] send HEADERS frame <length=1, flags=0x05, stream_id=403>
          ; END_STREAM | END_HEADERS
          (padlen=0)
          x-final: yes
[id=2] [  0.589] stream_id=403 closed
[id=2] [  0.589] recv (stream_id=405) :authority: localhost:63924
[id=2] [  0.589] recv (stream_id=405) :method: GET
[id=2] [  0.589] recv (stream_id=405) :path: /bytes
[id=2] [  0.589] recv (stream_id=405) :scheme: https
[id=2] [  0.589] recv (stream_id=405, sensitive) content-length: 0
[id=2] [  0.589] recv HEADERS frame <length=8, flags=0x05, stream_id=405>
          ; END_STREAM | END_HEADERS
          (padlen=0)
          ; Open new stream
[id=2] [  0.589] send HEADERS frame <length=12, flags=0x04, stream_id=405>
          ; END_HEADERS
          (padlen=0)
          ; First response header
          :status: 200
          server: nghttpd nghttp2/1.70.0
          cache-control: max-age=3600
          date: Wed, 30 Sep 2026 14:23:53 GMT
          content-length: 256
          last-modified: Wed, 30 Sep 2026 14:23:53 GMT
          trailer: x-final
[id=2] [  0.589] send DATA frame <length=256, flags=0x00, stream_id=405>
[id=2] [  0.589] send HEADERS frame <length=1, flags=0x05, stream_id=405>
          ; END_STREAM | END_HEADERS
          (padlen=0)
          x-final: yes
[id=2] [  0.589] stream_id=405 closed
[id=2] [  0.589] recv (stream_id=407) :authority: localhost:63924
[id=2] [  0.589] recv (stream_id=407) :method: GET
[id=2] [  0.589] recv (stream_id=407) :path: /bytes
[id=2] [  0.589] recv (stream_id=407) :scheme: https
[id=2] [  0.589] recv (stream_id=407, sensitive) content-length: 0
[id=2] [  0.589] recv HEADERS frame <length=8, flags=0x05, stream_id=407>
          ; END_STREAM | END_HEADERS
          (padlen=0)
          ; Open new stream
[id=2] [  0.589] send HEADERS frame <length=12, flags=0x04, stream_id=407>
          ; END_HEADERS
          (padlen=0)
          ; First response header
          :status: 200
          server: nghttpd nghttp2/1.70.0
          cache-control: max-age=3600
          date: Wed, 30 Sep 2026 14:23:53 GMT
          content-length: 256
          last-modified: Wed, 30 Sep 2026 14:23:53 GMT
          trailer: x-final
[id=2] [  0.589] send DATA frame <length=256, flags=0x00, stream_id=407>
[id=2] [  0.589] send HEADERS frame <length=1, flags=0x05, stream_id=407>
          ; END_STREAM | END_HEADERS
          (padlen=0)
          x-final: yes
[id=2] [  0.589] stream_id=407 closed
[id=2] [  0.589] recv (stream_id=409) :authority: localhost:63924
[id=2] [  0.589] recv (stream_id=409) :method: GET
[id=2] [  0.589] recv (stream_id=409) :path: /bytes
[id=2] [  0.589] recv (stream_id=409) :scheme: https
[id=2] [  0.589] recv (stream_id=409, sensitive) content-length: 0
[id=2] [  0.589] recv HEADERS frame <length=8, flags=0x05, stream_id=409>
          ; END_STREAM | END_HEADERS
          (padlen=0)
          ; Open new stream
[id=2] [  0.589] send HEADERS frame <length=12, flags=0x04, stream_id=409>
          ; END_HEADERS
          (padlen=0)
          ; First response header
          :status: 200
          server: nghttpd nghttp2/1.70.0
          cache-control: max-age=3600
          date: Wed, 30 Sep 2026 14:23:53 GMT
          content-length: 256
          last-modified: Wed, 30 Sep 2026 14:23:53 GMT
          trailer: x-final
[id=2] [  0.589] send DATA frame <length=256, flags=0x00, stream_id=409>
[id=2] [  0.589] send HEADERS frame <length=1, flags=0x05, stream_id=409>
          ; END_STREAM | END_HEADERS
          (padlen=0)
          x-final: yes
[id=2] [  0.589] stream_id=409 closed
[id=2] [  0.589] recv (stream_id=411) :authority: localhost:63924
[id=2] [  0.589] recv (stream_id=411) :method: GET
[id=2] [  0.589] recv (stream_id=411) :path: /bytes
[id=2] [  0.589] recv (stream_id=411) :scheme: https
[id=2] [  0.589] recv (stream_id=411, sensitive) content-length: 0
[id=2] [  0.589] recv HEADERS frame <length=8, flags=0x05, stream_id=411>
          ; END_STREAM | END_HEADERS
          (padlen=0)
          ; Open new stream
[id=2] [  0.589] send HEADERS frame <length=12, flags=0x04, stream_id=411>
          ; END_HEADERS
          (padlen=0)
          ; First response header
          :status: 200
          server: nghttpd nghttp2/1.70.0
          cache-control: max-age=3600
          date: Wed, 30 Sep 2026 14:23:53 GMT
          content-length: 256
          last-modified: Wed, 30 Sep 2026 14:23:53 GMT
          trailer: x-final
[id=2] [  0.589] send DATA frame <length=256, flags=0x00, stream_id=411>
[id=2] [  0.589] send HEADERS frame <length=1, flags=0x05, stream_id=411>
          ; END_STREAM | END_HEADERS
          (padlen=0)
          x-final: yes
[id=2] [  0.589] stream_id=411 closed
[id=2] [  0.589] recv (stream_id=413) :authority: localhost:63924
[id=2] [  0.589] recv (stream_id=413) :method: GET
[id=2] [  0.589] recv (stream_id=413) :path: /bytes
[id=2] [  0.589] recv (stream_id=413) :scheme: https
[id=2] [  0.589] recv (stream_id=413, sensitive) content-length: 0
[id=2] [  0.589] recv HEADERS frame <length=8, flags=0x05, stream_id=413>
          ; END_STREAM | END_HEADERS
          (padlen=0)
          ; Open new stream
[id=2] [  0.589] send HEADERS frame <length=12, flags=0x04, stream_id=413>
          ; END_HEADERS
          (padlen=0)
          ; First response header
          :status: 200
          server: nghttpd nghttp2/1.70.0
          cache-control: max-age=3600
          date: Wed, 30 Sep 2026 14:23:53 GMT
          content-length: 256
          last-modified: Wed, 30 Sep 2026 14:23:53 GMT
          trailer: x-final
[id=2] [  0.589] send DATA frame <length=256, flags=0x00, stream_id=413>
[id=2] [  0.589] send HEADERS frame <length=1, flags=0x05, stream_id=413>
          ; END_STREAM | END_HEADERS
          (padlen=0)
          x-final: yes
[id=2] [  0.589] stream_id=413 closed
[id=2] [  0.589] recv (stream_id=415) :authority: localhost:63924
[id=2] [  0.589] recv (stream_id=415) :method: GET
[id=2] [  0.589] recv (stream_id=415) :path: /bytes
[id=2] [  0.589] recv (stream_id=415) :scheme: https
[id=2] [  0.589] recv (stream_id=415, sensitive) content-length: 0
[id=2] [  0.589] recv HEADERS frame <length=8, flags=0x05, stream_id=415>
          ; END_STREAM | END_HEADERS
          (padlen=0)
          ; Open new stream
[id=2] [  0.589] send HEADERS frame <length=12, flags=0x04, stream_id=415>
          ; END_HEADERS
          (padlen=0)
          ; First response header
          :status: 200
          server: nghttpd nghttp2/1.70.0
          cache-control: max-age=3600
          date: Wed, 30 Sep 2026 14:23:53 GMT
          content-length: 256
          last-modified: Wed, 30 Sep 2026 14:23:53 GMT
          trailer: x-final
[id=2] [  0.589] send DATA frame <length=256, flags=0x00, stream_id=415>
[id=2] [  0.589] send HEADERS frame <length=1, flags=0x05, stream_id=415>
          ; END_STREAM | END_HEADERS
          (padlen=0)
          x-final: yes
[id=2] [  0.589] stream_id=415 closed
[id=2] [  0.589] recv (stream_id=417) :authority: localhost:63924
[id=2] [  0.589] recv (stream_id=417) :method: GET
[id=2] [  0.589] recv (stream_id=417) :path: /bytes
[id=2] [  0.589] recv (stream_id=417) :scheme: https
[id=2] [  0.589] recv (stream_id=417, sensitive) content-length: 0
[id=2] [  0.589] recv HEADERS frame <length=8, flags=0x05, stream_id=417>
          ; END_STREAM | END_HEADERS
          (padlen=0)
          ; Open new stream
[id=2] [  0.589] send HEADERS frame <length=12, flags=0x04, stream_id=417>
          ; END_HEADERS
          (padlen=0)
          ; First response header
          :status: 200
          server: nghttpd nghttp2/1.70.0
          cache-control: max-age=3600
          date: Wed, 30 Sep 2026 14:23:53 GMT
          content-length: 256
          last-modified: Wed, 30 Sep 2026 14:23:53 GMT
          trailer: x-final
[id=2] [  0.589] send DATA frame <length=256, flags=0x00, stream_id=417>
[id=2] [  0.589] send HEADERS frame <length=1, flags=0x05, stream_id=417>
          ; END_STREAM | END_HEADERS
          (padlen=0)
          x-final: yes
[id=2] [  0.589] stream_id=417 closed
[id=2] [  0.589] recv (stream_id=419) :authority: localhost:63924
[id=2] [  0.589] recv (stream_id=419) :method: GET
[id=2] [  0.589] recv (stream_id=419) :path: /bytes
[id=2] [  0.589] recv (stream_id=419) :scheme: https
[id=2] [  0.589] recv (stream_id=419, sensitive) content-length: 0
[id=2] [  0.589] recv HEADERS frame <length=8, flags=0x05, stream_id=419>
          ; END_STREAM | END_HEADERS
          (padlen=0)
          ; Open new stream
[id=2] [  0.589] send HEADERS frame <length=12, flags=0x04, stream_id=419>
          ; END_HEADERS
          (padlen=0)
          ; First response header
          :status: 200
          server: nghttpd nghttp2/1.70.0
          cache-control: max-age=3600
          date: Wed, 30 Sep 2026 14:23:53 GMT
          content-length: 256
          last-modified: Wed, 30 Sep 2026 14:23:53 GMT
          trailer: x-final
[id=2] [  0.589] send DATA frame <length=256, flags=0x00, stream_id=419>
[id=2] [  0.589] send HEADERS frame <length=1, flags=0x05, stream_id=419>
          ; END_STREAM | END_HEADERS
          (padlen=0)
          x-final: yes
[id=2] [  0.589] stream_id=419 closed
[id=2] [  0.589] recv (stream_id=421) :authority: localhost:63924
[id=2] [  0.589] recv (stream_id=421) :method: GET
[id=2] [  0.589] recv (stream_id=421) :path: /bytes
[id=2] [  0.589] recv (stream_id=421) :scheme: https
[id=2] [  0.589] recv (stream_id=421, sensitive) content-length: 0
[id=2] [  0.589] recv HEADERS frame <length=8, flags=0x05, stream_id=421>
          ; END_STREAM | END_HEADERS
          (padlen=0)
          ; Open new stream
[id=2] [  0.589] send HEADERS frame <length=12, flags=0x04, stream_id=421>
          ; END_HEADERS
          (padlen=0)
          ; First response header
          :status: 200
          server: nghttpd nghttp2/1.70.0
          cache-control: max-age=3600
          date: Wed, 30 Sep 2026 14:23:53 GMT
          content-length: 256
          last-modified: Wed, 30 Sep 2026 14:23:53 GMT
          trailer: x-final
[id=2] [  0.589] send DATA frame <length=256, flags=0x00, stream_id=421>
[id=2] [  0.589] send HEADERS frame <length=1, flags=0x05, stream_id=421>
          ; END_STREAM | END_HEADERS
          (padlen=0)
          x-final: yes
[id=2] [  0.589] stream_id=421 closed
[id=2] [  0.590] recv (stream_id=423) :authority: localhost:63924
[id=2] [  0.590] recv (stream_id=423) :method: GET
[id=2] [  0.590] recv (stream_id=423) :path: /bytes
[id=2] [  0.590] recv (stream_id=423) :scheme: https
[id=2] [  0.590] recv (stream_id=423, sensitive) content-length: 0
[id=2] [  0.590] recv HEADERS frame <length=8, flags=0x05, stream_id=423>
          ; END_STREAM | END_HEADERS
          (padlen=0)
          ; Open new stream
[id=2] [  0.590] send HEADERS frame <length=12, flags=0x04, stream_id=423>
          ; END_HEADERS
          (padlen=0)
          ; First response header
          :status: 200
          server: nghttpd nghttp2/1.70.0
          cache-control: max-age=3600
          date: Wed, 30 Sep 2026 14:23:53 GMT
          content-length: 256
          last-modified: Wed, 30 Sep 2026 14:23:53 GMT
          trailer: x-final
[id=2] [  0.590] send DATA frame <length=256, flags=0x00, stream_id=423>
[id=2] [  0.590] send HEADERS frame <length=1, flags=0x05, stream_id=423>
          ; END_STREAM | END_HEADERS
          (padlen=0)
          x-final: yes
[id=2] [  0.590] stream_id=423 closed
[id=2] [  0.590] recv (stream_id=425) :authority: localhost:63924
[id=2] [  0.590] recv (stream_id=425) :method: GET
[id=2] [  0.590] recv (stream_id=425) :path: /bytes
[id=2] [  0.590] recv (stream_id=425) :scheme: https
[id=2] [  0.590] recv (stream_id=425, sensitive) content-length: 0
[id=2] [  0.590] recv HEADERS frame <length=8, flags=0x05, stream_id=425>
          ; END_STREAM | END_HEADERS
          (padlen=0)
          ; Open new stream
[id=2] [  0.590] send HEADERS frame <length=12, flags=0x04, stream_id=425>
          ; END_HEADERS
          (padlen=0)
          ; First response header
          :status: 200
          server: nghttpd nghttp2/1.70.0
          cache-control: max-age=3600
          date: Wed, 30 Sep 2026 14:23:53 GMT
          content-length: 256
          last-modified: Wed, 30 Sep 2026 14:23:53 GMT
          trailer: x-final
[id=2] [  0.590] send DATA frame <length=256, flags=0x00, stream_id=425>
[id=2] [  0.590] send HEADERS frame <length=1, flags=0x05, stream_id=425>
          ; END_STREAM | END_HEADERS
          (padlen=0)
          x-final: yes
[id=2] [  0.590] stream_id=425 closed
[id=2] [  0.590] recv (stream_id=427) :authority: localhost:63924
[id=2] [  0.590] recv (stream_id=427) :method: GET
[id=2] [  0.590] recv (stream_id=427) :path: /bytes
[id=2] [  0.590] recv (stream_id=427) :scheme: https
[id=2] [  0.590] recv (stream_id=427, sensitive) content-length: 0
[id=2] [  0.590] recv HEADERS frame <length=8, flags=0x05, stream_id=427>
          ; END_STREAM | END_HEADERS
          (padlen=0)
          ; Open new stream
[id=2] [  0.590] send HEADERS frame <length=12, flags=0x04, stream_id=427>
          ; END_HEADERS
          (padlen=0)
          ; First response header
          :status: 200
          server: nghttpd nghttp2/1.70.0
          cache-control: max-age=3600
          date: Wed, 30 Sep 2026 14:23:53 GMT
          content-length: 256
          last-modified: Wed, 30 Sep 2026 14:23:53 GMT
          trailer: x-final
[id=2] [  0.590] send DATA frame <length=256, flags=0x00, stream_id=427>
[id=2] [  0.590] send HEADERS frame <length=1, flags=0x05, stream_id=427>
          ; END_STREAM | END_HEADERS
          (padlen=0)
          x-final: yes
[id=2] [  0.590] stream_id=427 closed
[id=2] [  0.590] recv (stream_id=429) :authority: localhost:63924
[id=2] [  0.590] recv (stream_id=429) :method: GET
[id=2] [  0.590] recv (stream_id=429) :path: /bytes
[id=2] [  0.590] recv (stream_id=429) :scheme: https
[id=2] [  0.590] recv (stream_id=429, sensitive) content-length: 0
[id=2] [  0.590] recv HEADERS frame <length=8, flags=0x05, stream_id=429>
          ; END_STREAM | END_HEADERS
          (padlen=0)
          ; Open new stream
[id=2] [  0.590] send HEADERS frame <length=12, flags=0x04, stream_id=429>
          ; END_HEADERS
          (padlen=0)
          ; First response header
          :status: 200
          server: nghttpd nghttp2/1.70.0
          cache-control: max-age=3600
          date: Wed, 30 Sep 2026 14:23:53 GMT
          content-length: 256
          last-modified: Wed, 30 Sep 2026 14:23:53 GMT
          trailer: x-final
[id=2] [  0.590] send DATA frame <length=256, flags=0x00, stream_id=429>
[id=2] [  0.590] send HEADERS frame <length=1, flags=0x05, stream_id=429>
          ; END_STREAM | END_HEADERS
          (padlen=0)
          x-final: yes
[id=2] [  0.590] stream_id=429 closed
[id=2] [  0.590] recv (stream_id=431) :authority: localhost:63924
[id=2] [  0.590] recv (stream_id=431) :method: GET
[id=2] [  0.590] recv (stream_id=431) :path: /bytes
[id=2] [  0.590] recv (stream_id=431) :scheme: https
[id=2] [  0.590] recv (stream_id=431, sensitive) content-length: 0
[id=2] [  0.590] recv HEADERS frame <length=8, flags=0x05, stream_id=431>
          ; END_STREAM | END_HEADERS
          (padlen=0)
          ; Open new stream
[id=2] [  0.590] send HEADERS frame <length=12, flags=0x04, stream_id=431>
          ; END_HEADERS
          (padlen=0)
          ; First response header
          :status: 200
          server: nghttpd nghttp2/1.70.0
          cache-control: max-age=3600
          date: Wed, 30 Sep 2026 14:23:53 GMT
          content-length: 256
          last-modified: Wed, 30 Sep 2026 14:23:53 GMT
          trailer: x-final
[id=2] [  0.590] send DATA frame <length=256, flags=0x00, stream_id=431>
[id=2] [  0.590] send HEADERS frame <length=1, flags=0x05, stream_id=431>
          ; END_STREAM | END_HEADERS
          (padlen=0)
          x-final: yes
[id=2] [  0.590] stream_id=431 closed
[id=2] [  0.590] recv (stream_id=433) :authority: localhost:63924
[id=2] [  0.590] recv (stream_id=433) :method: GET
[id=2] [  0.590] recv (stream_id=433) :path: /bytes
[id=2] [  0.590] recv (stream_id=433) :scheme: https
[id=2] [  0.590] recv (stream_id=433, sensitive) content-length: 0
[id=2] [  0.590] recv HEADERS frame <length=8, flags=0x05, stream_id=433>
          ; END_STREAM | END_HEADERS
          (padlen=0)
          ; Open new stream
[id=2] [  0.590] send HEADERS frame <length=12, flags=0x04, stream_id=433>
          ; END_HEADERS
          (padlen=0)
          ; First response header
          :status: 200
          server: nghttpd nghttp2/1.70.0
          cache-control: max-age=3600
          date: Wed, 30 Sep 2026 14:23:53 GMT
          content-length: 256
          last-modified: Wed, 30 Sep 2026 14:23:53 GMT
          trailer: x-final
[id=2] [  0.590] send DATA frame <length=256, flags=0x00, stream_id=433>
[id=2] [  0.590] send HEADERS frame <length=1, flags=0x05, stream_id=433>
          ; END_STREAM | END_HEADERS
          (padlen=0)
          x-final: yes
[id=2] [  0.590] stream_id=433 closed
[id=2] [  0.590] recv (stream_id=435) :authority: localhost:63924
[id=2] [  0.590] recv (stream_id=435) :method: GET
[id=2] [  0.590] recv (stream_id=435) :path: /bytes
[id=2] [  0.590] recv (stream_id=435) :scheme: https
[id=2] [  0.590] recv (stream_id=435, sensitive) content-length: 0
[id=2] [  0.590] recv HEADERS frame <length=8, flags=0x05, stream_id=435>
          ; END_STREAM | END_HEADERS
          (padlen=0)
          ; Open new stream
[id=2] [  0.590] send HEADERS frame <length=12, flags=0x04, stream_id=435>
          ; END_HEADERS
          (padlen=0)
          ; First response header
          :status: 200
          server: nghttpd nghttp2/1.70.0
          cache-control: max-age=3600
          date: Wed, 30 Sep 2026 14:23:53 GMT
          content-length: 256
          last-modified: Wed, 30 Sep 2026 14:23:53 GMT
          trailer: x-final
[id=2] [  0.590] send DATA frame <length=256, flags=0x00, stream_id=435>
[id=2] [  0.590] send HEADERS frame <length=1, flags=0x05, stream_id=435>
          ; END_STREAM | END_HEADERS
          (padlen=0)
          x-final: yes
[id=2] [  0.590] stream_id=435 closed
[id=2] [  0.590] recv (stream_id=437) :authority: localhost:63924
[id=2] [  0.590] recv (stream_id=437) :method: GET
[id=2] [  0.590] recv (stream_id=437) :path: /bytes
[id=2] [  0.590] recv (stream_id=437) :scheme: https
[id=2] [  0.590] recv (stream_id=437, sensitive) content-length: 0
[id=2] [  0.590] recv HEADERS frame <length=8, flags=0x05, stream_id=437>
          ; END_STREAM | END_HEADERS
          (padlen=0)
          ; Open new stream
[id=2] [  0.590] send HEADERS frame <length=12, flags=0x04, stream_id=437>
          ; END_HEADERS
          (padlen=0)
          ; First response header
          :status: 200
          server: nghttpd nghttp2/1.70.0
          cache-control: max-age=3600
          date: Wed, 30 Sep 2026 14:23:53 GMT
          content-length: 256
          last-modified: Wed, 30 Sep 2026 14:23:53 GMT
          trailer: x-final
[id=2] [  0.590] send DATA frame <length=256, flags=0x00, stream_id=437>
[id=2] [  0.590] send HEADERS frame <length=1, flags=0x05, stream_id=437>
          ; END_STREAM | END_HEADERS
          (padlen=0)
          x-final: yes
[id=2] [  0.590] stream_id=437 closed
[id=2] [  0.590] recv (stream_id=439) :authority: localhost:63924
[id=2] [  0.590] recv (stream_id=439) :method: GET
[id=2] [  0.590] recv (stream_id=439) :path: /bytes
[id=2] [  0.590] recv (stream_id=439) :scheme: https
[id=2] [  0.590] recv (stream_id=439, sensitive) content-length: 0
[id=2] [  0.590] recv HEADERS frame <length=8, flags=0x05, stream_id=439>
          ; END_STREAM | END_HEADERS
          (padlen=0)
          ; Open new stream
[id=2] [  0.590] send HEADERS frame <length=12, flags=0x04, stream_id=439>
          ; END_HEADERS
          (padlen=0)
          ; First response header
          :status: 200
          server: nghttpd nghttp2/1.70.0
          cache-control: max-age=3600
          date: Wed, 30 Sep 2026 14:23:53 GMT
          content-length: 256
          last-modified: Wed, 30 Sep 2026 14:23:53 GMT
          trailer: x-final
[id=2] [  0.590] send DATA frame <length=256, flags=0x00, stream_id=439>
[id=2] [  0.590] send HEADERS frame <length=1, flags=0x05, stream_id=439>
          ; END_STREAM | END_HEADERS
          (padlen=0)
          x-final: yes
[id=2] [  0.590] stream_id=439 closed
[id=2] [  0.590] recv (stream_id=441) :authority: localhost:63924
[id=2] [  0.590] recv (stream_id=441) :method: GET
[id=2] [  0.590] recv (stream_id=441) :path: /bytes
[id=2] [  0.590] recv (stream_id=441) :scheme: https
[id=2] [  0.590] recv (stream_id=441, sensitive) content-length: 0
[id=2] [  0.590] recv HEADERS frame <length=8, flags=0x05, stream_id=441>
          ; END_STREAM | END_HEADERS
          (padlen=0)
          ; Open new stream
[id=2] [  0.590] send HEADERS frame <length=12, flags=0x04, stream_id=441>
          ; END_HEADERS
          (padlen=0)
          ; First response header
          :status: 200
          server: nghttpd nghttp2/1.70.0
          cache-control: max-age=3600
          date: Wed, 30 Sep 2026 14:23:53 GMT
          content-length: 256
          last-modified: Wed, 30 Sep 2026 14:23:53 GMT
          trailer: x-final
[id=2] [  0.590] send DATA frame <length=256, flags=0x00, stream_id=441>
[id=2] [  0.590] send HEADERS frame <length=1, flags=0x05, stream_id=441>
          ; END_STREAM | END_HEADERS
          (padlen=0)
          x-final: yes
[id=2] [  0.590] stream_id=441 closed
[id=2] [  0.590] recv (stream_id=443) :authority: localhost:63924
[id=2] [  0.590] recv (stream_id=443) :method: GET
[id=2] [  0.590] recv (stream_id=443) :path: /bytes
[id=2] [  0.590] recv (stream_id=443) :scheme: https
[id=2] [  0.590] recv (stream_id=443, sensitive) content-length: 0
[id=2] [  0.590] recv HEADERS frame <length=8, flags=0x05, stream_id=443>
          ; END_STREAM | END_HEADERS
          (padlen=0)
          ; Open new stream
[id=2] [  0.590] send HEADERS frame <length=12, flags=0x04, stream_id=443>
          ; END_HEADERS
          (padlen=0)
          ; First response header
          :status: 200
          server: nghttpd nghttp2/1.70.0
          cache-control: max-age=3600
          date: Wed, 30 Sep 2026 14:23:53 GMT
          content-length: 256
          last-modified: Wed, 30 Sep 2026 14:23:53 GMT
          trailer: x-final
[id=2] [  0.590] send DATA frame <length=256, flags=0x00, stream_id=443>
[id=2] [  0.590] send HEADERS frame <length=1, flags=0x05, stream_id=443>
          ; END_STREAM | END_HEADERS
          (padlen=0)
          x-final: yes
[id=2] [  0.590] stream_id=443 closed
[id=2] [  0.590] recv (stream_id=445) :authority: localhost:63924
[id=2] [  0.590] recv (stream_id=445) :method: GET
[id=2] [  0.590] recv (stream_id=445) :path: /bytes
[id=2] [  0.590] recv (stream_id=445) :scheme: https
[id=2] [  0.590] recv (stream_id=445, sensitive) content-length: 0
[id=2] [  0.590] recv HEADERS frame <length=8, flags=0x05, stream_id=445>
          ; END_STREAM | END_HEADERS
          (padlen=0)
          ; Open new stream
[id=2] [  0.590] send HEADERS frame <length=12, flags=0x04, stream_id=445>
          ; END_HEADERS
          (padlen=0)
          ; First response header
          :status: 200
          server: nghttpd nghttp2/1.70.0
          cache-control: max-age=3600
          date: Wed, 30 Sep 2026 14:23:53 GMT
          content-length: 256
          last-modified: Wed, 30 Sep 2026 14:23:53 GMT
          trailer: x-final
[id=2] [  0.590] send DATA frame <length=256, flags=0x00, stream_id=445>
[id=2] [  0.590] send HEADERS frame <length=1, flags=0x05, stream_id=445>
          ; END_STREAM | END_HEADERS
          (padlen=0)
          x-final: yes
[id=2] [  0.590] stream_id=445 closed
[id=2] [  0.590] recv (stream_id=447) :authority: localhost:63924
[id=2] [  0.590] recv (stream_id=447) :method: GET
[id=2] [  0.590] recv (stream_id=447) :path: /bytes
[id=2] [  0.590] recv (stream_id=447) :scheme: https
[id=2] [  0.590] recv (stream_id=447, sensitive) content-length: 0
[id=2] [  0.590] recv HEADERS frame <length=8, flags=0x05, stream_id=447>
          ; END_STREAM | END_HEADERS
          (padlen=0)
          ; Open new stream
[id=2] [  0.590] send HEADERS frame <length=12, flags=0x04, stream_id=447>
          ; END_HEADERS
          (padlen=0)
          ; First response header
          :status: 200
          server: nghttpd nghttp2/1.70.0
          cache-control: max-age=3600
          date: Wed, 30 Sep 2026 14:23:53 GMT
          content-length: 256
          last-modified: Wed, 30 Sep 2026 14:23:53 GMT
          trailer: x-final
[id=2] [  0.590] send DATA frame <length=256, flags=0x00, stream_id=447>
[id=2] [  0.590] send HEADERS frame <length=1, flags=0x05, stream_id=447>
          ; END_STREAM | END_HEADERS
          (padlen=0)
          x-final: yes
[id=2] [  0.590] stream_id=447 closed
[id=2] [  0.591] recv (stream_id=449) :authority: localhost:63924
[id=2] [  0.591] recv (stream_id=449) :method: GET
[id=2] [  0.591] recv (stream_id=449) :path: /bytes
[id=2] [  0.591] recv (stream_id=449) :scheme: https
[id=2] [  0.591] recv (stream_id=449, sensitive) content-length: 0
[id=2] [  0.591] recv HEADERS frame <length=8, flags=0x05, stream_id=449>
          ; END_STREAM | END_HEADERS
          (padlen=0)
          ; Open new stream
[id=2] [  0.591] send HEADERS frame <length=12, flags=0x04, stream_id=449>
          ; END_HEADERS
          (padlen=0)
          ; First response header
          :status: 200
          server: nghttpd nghttp2/1.70.0
          cache-control: max-age=3600
          date: Wed, 30 Sep 2026 14:23:53 GMT
          content-length: 256
          last-modified: Wed, 30 Sep 2026 14:23:53 GMT
          trailer: x-final
[id=2] [  0.591] send DATA frame <length=256, flags=0x00, stream_id=449>
[id=2] [  0.591] send HEADERS frame <length=1, flags=0x05, stream_id=449>
          ; END_STREAM | END_HEADERS
          (padlen=0)
          x-final: yes
[id=2] [  0.591] stream_id=449 closed
[id=2] [  0.591] recv (stream_id=451) :authority: localhost:63924
[id=2] [  0.591] recv (stream_id=451) :method: GET
[id=2] [  0.591] recv (stream_id=451) :path: /bytes
[id=2] [  0.591] recv (stream_id=451) :scheme: https
[id=2] [  0.591] recv (stream_id=451, sensitive) content-length: 0
[id=2] [  0.591] recv HEADERS frame <length=8, flags=0x05, stream_id=451>
          ; END_STREAM | END_HEADERS
          (padlen=0)
          ; Open new stream
[id=2] [  0.591] send HEADERS frame <length=12, flags=0x04, stream_id=451>
          ; END_HEADERS
          (padlen=0)
          ; First response header
          :status: 200
          server: nghttpd nghttp2/1.70.0
          cache-control: max-age=3600
          date: Wed, 30 Sep 2026 14:23:53 GMT
          content-length: 256
          last-modified: Wed, 30 Sep 2026 14:23:53 GMT
          trailer: x-final
[id=2] [  0.591] send DATA frame <length=256, flags=0x00, stream_id=451>
[id=2] [  0.591] send HEADERS frame <length=1, flags=0x05, stream_id=451>
          ; END_STREAM | END_HEADERS
          (padlen=0)
          x-final: yes
[id=2] [  0.591] stream_id=451 closed
[id=2] [  0.591] recv (stream_id=453) :authority: localhost:63924
[id=2] [  0.591] recv (stream_id=453) :method: GET
[id=2] [  0.591] recv (stream_id=453) :path: /bytes
[id=2] [  0.591] recv (stream_id=453) :scheme: https
[id=2] [  0.591] recv (stream_id=453, sensitive) content-length: 0
[id=2] [  0.591] recv HEADERS frame <length=8, flags=0x05, stream_id=453>
          ; END_STREAM | END_HEADERS
          (padlen=0)
          ; Open new stream
[id=2] [  0.591] send HEADERS frame <length=12, flags=0x04, stream_id=453>
          ; END_HEADERS
          (padlen=0)
          ; First response header
          :status: 200
          server: nghttpd nghttp2/1.70.0
          cache-control: max-age=3600
          date: Wed, 30 Sep 2026 14:23:53 GMT
          content-length: 256
          last-modified: Wed, 30 Sep 2026 14:23:53 GMT
          trailer: x-final
[id=2] [  0.591] send DATA frame <length=256, flags=0x00, stream_id=453>
[id=2] [  0.591] send HEADERS frame <length=1, flags=0x05, stream_id=453>
          ; END_STREAM | END_HEADERS
          (padlen=0)
          x-final: yes
[id=2] [  0.591] stream_id=453 closed
[id=2] [  0.591] recv (stream_id=455) :authority: localhost:63924
[id=2] [  0.591] recv (stream_id=455) :method: GET
[id=2] [  0.591] recv (stream_id=455) :path: /bytes
[id=2] [  0.591] recv (stream_id=455) :scheme: https
[id=2] [  0.591] recv (stream_id=455, sensitive) content-length: 0
[id=2] [  0.591] recv HEADERS frame <length=8, flags=0x05, stream_id=455>
          ; END_STREAM | END_HEADERS
          (padlen=0)
          ; Open new stream
[id=2] [  0.591] send HEADERS frame <length=12, flags=0x04, stream_id=455>
          ; END_HEADERS
          (padlen=0)
          ; First response header
          :status: 200
          server: nghttpd nghttp2/1.70.0
          cache-control: max-age=3600
          date: Wed, 30 Sep 2026 14:23:53 GMT
          content-length: 256
          last-modified: Wed, 30 Sep 2026 14:23:53 GMT
          trailer: x-final
[id=2] [  0.591] send DATA frame <length=256, flags=0x00, stream_id=455>
[id=2] [  0.591] send HEADERS frame <length=1, flags=0x05, stream_id=455>
          ; END_STREAM | END_HEADERS
          (padlen=0)
          x-final: yes
[id=2] [  0.591] stream_id=455 closed
[id=2] [  0.591] recv (stream_id=457) :authority: localhost:63924
[id=2] [  0.591] recv (stream_id=457) :method: GET
[id=2] [  0.591] recv (stream_id=457) :path: /bytes
[id=2] [  0.591] recv (stream_id=457) :scheme: https
[id=2] [  0.591] recv (stream_id=457, sensitive) content-length: 0
[id=2] [  0.591] recv HEADERS frame <length=8, flags=0x05, stream_id=457>
          ; END_STREAM | END_HEADERS
          (padlen=0)
          ; Open new stream
[id=2] [  0.591] send HEADERS frame <length=12, flags=0x04, stream_id=457>
          ; END_HEADERS
          (padlen=0)
          ; First response header
          :status: 200
          server: nghttpd nghttp2/1.70.0
          cache-control: max-age=3600
          date: Wed, 30 Sep 2026 14:23:53 GMT
          content-length: 256
          last-modified: Wed, 30 Sep 2026 14:23:53 GMT
          trailer: x-final
[id=2] [  0.591] send DATA frame <length=256, flags=0x00, stream_id=457>
[id=2] [  0.591] send HEADERS frame <length=1, flags=0x05, stream_id=457>
          ; END_STREAM | END_HEADERS
          (padlen=0)
          x-final: yes
[id=2] [  0.591] stream_id=457 closed
[id=2] [  0.591] recv (stream_id=459) :authority: localhost:63924
[id=2] [  0.591] recv (stream_id=459) :method: GET
[id=2] [  0.591] recv (stream_id=459) :path: /bytes
[id=2] [  0.591] recv (stream_id=459) :scheme: https
[id=2] [  0.591] recv (stream_id=459, sensitive) content-length: 0
[id=2] [  0.591] recv HEADERS frame <length=8, flags=0x05, stream_id=459>
          ; END_STREAM | END_HEADERS
          (padlen=0)
          ; Open new stream
[id=2] [  0.591] send HEADERS frame <length=12, flags=0x04, stream_id=459>
          ; END_HEADERS
          (padlen=0)
          ; First response header
          :status: 200
          server: nghttpd nghttp2/1.70.0
          cache-control: max-age=3600
          date: Wed, 30 Sep 2026 14:23:53 GMT
          content-length: 256
          last-modified: Wed, 30 Sep 2026 14:23:53 GMT
          trailer: x-final
[id=2] [  0.591] send DATA frame <length=256, flags=0x00, stream_id=459>
[id=2] [  0.591] send HEADERS frame <length=1, flags=0x05, stream_id=459>
          ; END_STREAM | END_HEADERS
          (padlen=0)
          x-final: yes
[id=2] [  0.591] stream_id=459 closed
[id=2] [  0.591] recv (stream_id=461) :authority: localhost:63924
[id=2] [  0.591] recv (stream_id=461) :method: GET
[id=2] [  0.591] recv (stream_id=461) :path: /bytes
[id=2] [  0.591] recv (stream_id=461) :scheme: https
[id=2] [  0.591] recv (stream_id=461, sensitive) content-length: 0
[id=2] [  0.591] recv HEADERS frame <length=8, flags=0x05, stream_id=461>
          ; END_STREAM | END_HEADERS
          (padlen=0)
          ; Open new stream
[id=2] [  0.591] send HEADERS frame <length=12, flags=0x04, stream_id=461>
          ; END_HEADERS
          (padlen=0)
          ; First response header
          :status: 200
          server: nghttpd nghttp2/1.70.0
          cache-control: max-age=3600
          date: Wed, 30 Sep 2026 14:23:53 GMT
          content-length: 256
          last-modified: Wed, 30 Sep 2026 14:23:53 GMT
          trailer: x-final
[id=2] [  0.591] send DATA frame <length=256, flags=0x00, stream_id=461>
[id=2] [  0.591] send HEADERS frame <length=1, flags=0x05, stream_id=461>
          ; END_STREAM | END_HEADERS
          (padlen=0)
          x-final: yes
[id=2] [  0.591] stream_id=461 closed
[id=2] [  0.591] recv (stream_id=463) :authority: localhost:63924
[id=2] [  0.591] recv (stream_id=463) :method: GET
[id=2] [  0.591] recv (stream_id=463) :path: /bytes
[id=2] [  0.591] recv (stream_id=463) :scheme: https
[id=2] [  0.591] recv (stream_id=463, sensitive) content-length: 0
[id=2] [  0.591] recv HEADERS frame <length=8, flags=0x05, stream_id=463>
          ; END_STREAM | END_HEADERS
          (padlen=0)
          ; Open new stream
[id=2] [  0.591] send HEADERS frame <length=12, flags=0x04, stream_id=463>
          ; END_HEADERS
          (padlen=0)
          ; First response header
          :status: 200
          server: nghttpd nghttp2/1.70.0
          cache-control: max-age=3600
          date: Wed, 30 Sep 2026 14:23:53 GMT
          content-length: 256
          last-modified: Wed, 30 Sep 2026 14:23:53 GMT
          trailer: x-final
[id=2] [  0.591] send DATA frame <length=256, flags=0x00, stream_id=463>
[id=2] [  0.591] send HEADERS frame <length=1, flags=0x05, stream_id=463>
          ; END_STREAM | END_HEADERS
          (padlen=0)
          x-final: yes
[id=2] [  0.591] stream_id=463 closed
[id=2] [  0.591] recv (stream_id=465) :authority: localhost:63924
[id=2] [  0.591] recv (stream_id=465) :method: GE